ID,actual_start,planned_end,actual_end,planned_duration_days,elapsed_days,slippage_days,schedule_slippage_pct,elapsed_over_planned,planned_end_iso
--RENOVATE A MALE AND FEMALE BATHROOM FOR NYC DISTRICT 75 STUDENTS WHO REQUIRE STAFF ASSISTANCE FOR TOILETING.,,,,,,,,,
AG CN001,,,,,,,,,
AG CN002,,,,,,,,,
AG CN003,,,,,,,,,
AG CN004,,,,,,,,,
AG CN0584,,,,,,,,,
AG NC001,,,,,,,,,
AG NC002,,,,,,,,,
AG NC003,,,,,,,,,
AG NC004,,,,,,,,,
AG NC007,,,,,,,,,
AG NC008,,,,,,,,,
AG NC010,,,,,,,,,
AG NC011,,,,,,,,,
AG NC0415,,,,,,,,,
AG NC1273,,,,,,,,,
AG NC901,,,,,,,,,
AG NC902,,,,,,,,,
AG TANC1,,,,,,,,,
BR CN001,,,,,,,,,
BR CN003,,,,,,,,,
CO CN001,,,,,,,,,
CS NC001,,,,,,,,,
CS NC0228,,,,,,,,,
CS NC1111,,,,,,,,,
CS NC1126,,,,,,,,,
CS NC1472,,,,,,,,,
CS TA001,,,,,,,,,
E  CN001,,,,,,,,,
E  CN002,,,,,,,,,
E  CN003,,,,,,,,,
E  CN004,,,,,,,,,
E  CN005,,,,,,,,,
E  CN006,,,,,,,,,
E  CN007,,,,,,,,,
E  CN008,,,,,,,,,
E  CN009,,,,,,,,,
E  CN010,,,,,,,,,
E  CN011,,,,,,,,,
E  CN012,,,,,,,,,
E  CN013,,,,,,,,,
E  CN014,,,,,,,,,
E  CN015,,,,,,,,,
E  CN016,,,,,,,,,
E  CN017,,,,,,,,,
E  CN018,,,,,,,,,
E  CN019,,,,,,,,,
E  CN020,,,,,,,,,
E  CN021,,,,,,,,,
E  CN022,,,,,,,,,
E  CN023,,,,,,,,,
E  CN024,,,,,,,,,
E  CN025,,,,,,,,,
E  CN026,,,,,,,,,
E  CN027,,,,,,,,,
E  CN028,,,,,,,,,
E  CN029,,,,,,,,,
E  CN030,,,,,,,,,
E  CN031,,,,,,,,,
E  CN032,,,,,,,,,
E  CN033,,,,,,,,,
E  CN034,,,,,,,,,
E  CN035,,,,,,,,,
E  CN036,,,,,,,,,
E  CN037,,,,,,,,,
E  CN038,,,,,,,,,
E  CN039,,,,,,,,,
E  CN040,,,,,,,,,
E  CN041,,,,,,,,,
E  CN042,,,,,,,,,
E  CN043,,,,,,,,,
E  CN044,,,,,,,,,
E  CN045,,,,,,,,,
E  CN046,,,,,,,,,
E  CN047,,,,,,,,,
E  CN048,,,,,,,,,
E  CN049,,,,,,,,,
E  CN050,,,,,,,,,
E  CN051,,,,,,,,,
E  CN052,,,,,,,,,
E  CN053,,,,,,,,,
E  CN054,,,,,,,,,
E  CN055,,,,,,,,,
E  CN056,,,,,,,,,
E  CN057,,,,,,,,,
E  CN058,,,,,,,,,
E  CN059,,,,,,,,,
E  CN060,,,,,,,,,
E  CN061,,,,,,,,,
E  CN062,,,,,,,,,
E  CN063,,,,,,,,,
E  CN064,,,,,,,,,
E  CN065,,,,,,,,,
E  CN066,,,,,,,,,
E  CN067,,,,,,,,,
E  CN068,,,,,,,,,
E  CN069,,,,,,,,,
E  CN070,,,,,,,,,
E  CN071,,,,,,,,,
E  CN072,,,,,,,,,
E  CN073,,,,,,,,,
E  CN074,,,,,,,,,
E  CN075,,,,,,,,,
E  CN076,,,,,,,,,
E  CN077,,,,,,,,,
E  CN078,,,,,,,,,
E  CN079,,,,,,,,,
E  CN080,,,,,,,,,
E  CN081,,,,,,,,,
E  CN082,,,,,,,,,
E  CN083,,,,,,,,,
E  CN084,,,,,,,,,
E  CN085,,,,,,,,,
E  CN086,,,,,,,,,
E  CN087,,,,,,,,,
E  CN088,,,,,,,,,
E  CN089,,,,,,,,,
E  CN090,,,,,,,,,
E  CN091,,,,,,,,,
E  CN092,,,,,,,,,
E  CN093,,,,,,,,,
E  CN094,,,,,,,,,
E  CN095,,,,,,,,,
E  CN096,,,,,,,,,
E  CN097,,,,,,,,,
E  CN098,,,,,,,,,
E  CN099,,,,,,,,,
E  CN100,,,,,,,,,
E  CN101,,,,,,,,,
E  CN102,,,,,,,,,
E  CN103,,,,,,,,,
E  CN104,,,,,,,,,
E  CN105,,,,,,,,,
E  CN106,,,,,,,,,
E  CN107,,,,,,,,,
E  CN108,,,,,,,,,
E  CN109,,,,,,,,,
E  CN110,,,,,,,,,
E  CN111,,,,,,,,,
E  CN112,,,,,,,,,
E  CN113,,,,,,,,,
E  CN114,,,,,,,,,
E  CN115,,,,,,,,,
E  CN116,,,,,,,,,
E  CN117,,,,,,,,,
E  CN118,,,,,,,,,
E  CN119,,,,,,,,,
E  CN120,,,,,,,,,
E  CN121,,,,,,,,,
E  CN122,,,,,,,,,
E  CN123,,,,,,,,,
E  CN124,,,,,,,,,
E  CN125,,,,,,,,,
E  CN126,,,,,,,,,
E  CN127,,,,,,,,,
E  CN128,,,,,,,,,
E  CN129,,,,,,,,,
E  CN130,,,,,,,,,
E  CN131,,,,,,,,,
E  CN132,,,,,,,,,
E  CN133,,,,,,,,,
E  CN134,,,,,,,,,
E  CN135,,,,,,,,,
E  CN136,,,,,,,,,
E  CN137,,,,,,,,,
E  CN138,,,,,,,,,
E  CN139,,,,,,,,,
E  CN140,,,,,,,,,
E  CN141,,,,,,,,,
E  CN142,,,,,,,,,
E  CN143,,,,,,,,,
E  CN144,,,,,,,,,
E  CN145,,,,,,,,,
E  CN146,,,,,,,,,
E  CN147,,,,,,,,,
E  CN148,,,,,,,,,
E  CN149,,,,,,,,,
E  CN150,,,,,,,,,
E  CN151,,,,,,,,,
E  CN152,,,,,,,,,
E  CN153,,,,,,,,,
E  CN154,,,,,,,,,
E  CN155,,,,,,,,,
E  CN156,,,,,,,,,
E  CN157,,,,,,,,,
E  CN158,,,,,,,,,
E  CN159,,,,,,,,,
E  CN160,,,,,,,,,
E  CN161,,,,,,,,,
E  CN162,,,,,,,,,
E  CN163,,,,,,,,,
E  CN164,,,,,,,,,
E  CN165,,,,,,,,,
E  CN166,,,,,,,,,
E  CN167,,,,,,,,,
E  CN168,,,,,,,,,
E  CN169,,,,,,,,,
E  CN170,,,,,,,,,
E  CN171,,,,,,,,,
E  CN172,,,,,,,,,
E  CN173,,,,,,,,,
E  CN174,,,,,,,,,
E  CN175,,,,,,,,,
E  CN176,,,,,,,,,
E  CN177,,,,,,,,,
E  CN178,,,,,,,,,
E  CN179,,,,,,,,,
E  CN180,,,,,,,,,
E  CN181,,,,,,,,,
E  CN182,,,,,,,,,
E  CN183,,,,,,,,,
E  CN184,,,,,,,,,
E  CN185,,,,,,,,,
E  CN186,,,,,,,,,
E  CN187,,,,,,,,,
E  CN188,,,,,,,,,
E  CN189,,,,,,,,,
E  CN190,,,,,,,,,
E  CN191,,,,,,,,,
E  CN192,,,,,,,,,
E  CN193,,,,,,,,,
E  CN194,,,,,,,,,
E  CN195,,,,,,,,,
E  CN196,,,,,,,,,
E  CN197,,,,,,,,,
E  CN198,,,,,,,,,
E  CN199,,,,,,,,,
E  CN200,,,,,,,,,
E  CN201,,,,,,,,,
E  CN202,,,,,,,,,
E  CN203,,,,,,,,,
E  CN204,,,,,,,,,
E  CN205,,,,,,,,,
E  CN206,,,,,,,,,
E  CN207,,,,,,,,,
E  CN208,,,,,,,,,
E  CN209,,,,,,,,,
E  CN210,,,,,,,,,
E  CN211,,,,,,,,,
E  CN212,,,,,,,,,
E  CN213,,,,,,,,,
E  CN214,,,,,,,,,
E  CN215,,,,,,,,,
E  CN216,,,,,,,,,
E  CN217,,,,,,,,,
E  CN218,,,,,,,,,
E  CN219,,,,,,,,,
E  CN220,,,,,,,,,
E  CN221,,,,,,,,,
E  CN222,,,,,,,,,
E  CN223,,,,,,,,,
E  CN224,,,,,,,,,
E  CN225,,,,,,,,,
E  CN226,,,,,,,,,
E  CN227,,,,,,,,,
E  CN228,,,,,,,,,
E  CN229,,,,,,,,,
E  CN230,,,,,,,,,
E  CN231,,,,,,,,,
E  CN232,,,,,,,,,
E  CN233,,,,,,,,,
E  CN234,,,,,,,,,
E  CN235,,,,,,,,,
E  CN236,,,,,,,,,
E  CN237,,,,,,,,,
E  CN238,,,,,,,,,
E  CN239,,,,,,,,,
E  CN240,,,,,,,,,
E  CN241,,,,,,,,,
E  CN242,,,,,,,,,
E  CN243,,,,,,,,,
E  CN244,,,,,,,,,
E  CN245,,,,,,,,,
E  CN246,,,,,,,,,
E  CN247,,,,,,,,,
E  CN248,,,,,,,,,
E  CN249,,,,,,,,,
E  CN250,,,,,,,,,
E  CN251,,,,,,,,,
E  CN252,,,,,,,,,
E  CN253,,,,,,,,,
E  CN254,,,,,,,,,
E  CN255,,,,,,,,,
E  CN256,,,,,,,,,
E  CN257,,,,,,,,,
E  CN258,,,,,,,,,
E  CN259,,,,,,,,,
E  CN260,,,,,,,,,
E  CN261,,,,,,,,,
E  CN262,,,,,,,,,
E  CN263,,,,,,,,,
E  CN264,,,,,,,,,
E  CN265,,,,,,,,,
E  CN266,,,,,,,,,
E  CN267,,,,,,,,,
E  CN268,,,,,,,,,
E  CN269,,,,,,,,,
E  CN270,,,,,,,,,
E  CN271,,,,,,,,,
E  CN272,,,,,,,,,
E  CN273,,,,,,,,,
E  CN274,,,,,,,,,
E  CN275,,,,,,,,,
E  CN276,,,,,,,,,
E  CN277,,,,,,,,,
E  CN278,,,,,,,,,
E  CN279,,,,,,,,,
E  CN280,,,,,,,,,
E  CN281,,,,,,,,,
E  CN282,,,,,,,,,
E  CN283,,,,,,,,,
E  CN284,,,,,,,,,
E  CN285,,,,,,,,,
E  CN286,,,,,,,,,
E  CN287,,,,,,,,,
E  CN288,,,,,,,,,
E  CN289,,,,,,,,,
E  CN290,,,,,,,,,
E  CN291,,,,,,,,,
E  CN292,,,,,,,,,
E  CN293,,,,,,,,,
E  CN294,,,,,,,,,
E  CN295,,,,,,,,,
E  CN296,,,,,,,,,
E  CN297,,,,,,,,,
E  CN298,,,,,,,,,
E  CN299,,,,,,,,,
E  CN300,,,,,,,,,
E  CN301,,,,,,,,,
E  CN302,,,,,,,,,
E  CN303,,,,,,,,,
E  CN304,,,,,,,,,
E  CN305,,,,,,,,,
E  CN306,,,,,,,,,
E  CN307,,,,,,,,,
E  CN308,,,,,,,,,
E  CN309,,,,,,,,,
E  CN310,,,,,,,,,
E  CN311,,,,,,,,,
E  CN312,,,,,,,,,
E  CN313,,,,,,,,,
E  CN314,,,,,,,,,
E  CN315,,,,,,,,,
E  CN316,,,,,,,,,
E  CN317,,,,,,,,,
E  CN318,,,,,,,,,
E  CN319,,,,,,,,,
E  CN320,,,,,,,,,
E  CN321,,,,,,,,,
E  CN322,,,,,,,,,
E  CN323,,,,,,,,,
E  CN324,,,,,,,,,
E  CN325,,,,,,,,,
E  CN326,,,,,,,,,
E  CN327,,,,,,,,,
E  CN328,,,,,,,,,
E  CN329,,,,,,,,,
E  CN330,,,,,,,,,
E  CN331,,,,,,,,,
E  CN332,,,,,,,,,
E  CN333,,,,,,,,,
E  CN334,,,,,,,,,
E  CN335,,,,,,,,,
E  CN336,,,,,,,,,
E  CN337,,,,,,,,,
E  CN338,,,,,,,,,
E  CN339,,,,,,,,,
E  CN340,,,,,,,,,
E  CN341,,,,,,,,,
E  CN342,,,,,,,,,
E  CN343,,,,,,,,,
E  CN344,,,,,,,,,
E  CN345,,,,,,,,,
E  CN346,,,,,,,,,
E  CN347,,,,,,,,,
E  CN348,,,,,,,,,
E  CN349,,,,,,,,,
E  CN350,,,,,,,,,
E  CN351,,,,,,,,,
E  CN352,,,,,,,,,
E  CN353,,,,,,,,,
E  CN354,,,,,,,,,
E  CN355,,,,,,,,,
E  CN356,,,,,,,,,
E  CN357,,,,,,,,,
E  CN358,,,,,,,,,
E  CN359,,,,,,,,,
E  CN360,,,,,,,,,
E  CN361,,,,,,,,,
E  CN362,,,,,,,,,
E  CN363,,,,,,,,,
E  CN364,,,,,,,,,
E  CN365,,,,,,,,,
E  CN366,,,,,,,,,
E  CN367,,,,,,,,,
E  CN368,,,,,,,,,
E  CN369,,,,,,,,,
E  CN370,,,,,,,,,
E  CN371,,,,,,,,,
E  CN372,,,,,,,,,
E  CN373,,,,,,,,,
E  CN374,,,,,,,,,
E  CN375,,,,,,,,,
E  CN376,,,,,,,,,
E  CN377,,,,,,,,,
E  CN378,,,,,,,,,
E  CN379,,,,,,,,,
E  CN380,,,,,,,,,
E  CN381,,,,,,,,,
E  CN382,,,,,,,,,
E  CN383,,,,,,,,,
E  CN384,,,,,,,,,
E  CN385,,,,,,,,,
E  CN386,,,,,,,,,
E  CN387,,,,,,,,,
E  CN388,,,,,,,,,
E  CN389,,,,,,,,,
E  CN390,,,,,,,,,
E  CN391,,,,,,,,,
E  CN392,,,,,,,,,
E  CN393,,,,,,,,,
E  CN394,,,,,,,,,
E  CN395,,,,,,,,,
E  CN396,,,,,,,,,
E  CN397,,,,,,,,,
E  CN398,,,,,,,,,
E  CN399,,,,,,,,,
E  CN400,,,,,,,,,
E  CN401,,,,,,,,,
E  CN402,,,,,,,,,
E  CN403,,,,,,,,,
E  CN404,,,,,,,,,
E  CN405,,,,,,,,,
E  CN406,,,,,,,,,
E  CN407,,,,,,,,,
E  CN408,,,,,,,,,
E  CN409,,,,,,,,,
E  CN410,,,,,,,,,
E  CN411,,,,,,,,,
E  CN412,,,,,,,,,
E  CN413,,,,,,,,,
E  CN414,,,,,,,,,
E  CN415,,,,,,,,,
E  CN416,,,,,,,,,
E  CN417,,,,,,,,,
E  CN418,,,,,,,,,
E  CN419,,,,,,,,,
E  CN420,,,,,,,,,
E  CN421,,,,,,,,,
E  CN422,,,,,,,,,
E  CN423,,,,,,,,,
E  CN424,,,,,,,,,
E  CN425,,,,,,,,,
E  CN426,,,,,,,,,
E  CN427,,,,,,,,,
E  CN428,,,,,,,,,
E  CN429,,,,,,,,,
E  CN430,,,,,,,,,
E  CN431,,,,,,,,,
E  CN432,,,,,,,,,
E  CN433,,,,,,,,,
E  CN434,,,,,,,,,
E  CN435,,,,,,,,,
E  CN436,,,,,,,,,
E  CN437,,,,,,,,,
E  CN438,,,,,,,,,
E  CN439,,,,,,,,,
E  CN440,,,,,,,,,
E  CN441,,,,,,,,,
E  CN442,,,,,,,,,
E  CN443,,,,,,,,,
E  CN444,,,,,,,,,
E  CN445,,,,,,,,,
E  CN446,,,,,,,,,
E  CN447,,,,,,,,,
E  CN448,,,,,,,,,
E  CN449,,,,,,,,,
E  CN450,,,,,,,,,
E  CN451,,,,,,,,,
E  CN452,,,,,,,,,
E  CN453,,,,,,,,,
E  CN454,,,,,,,,,
E  CN455,,,,,,,,,
E  CN456,,,,,,,,,
E  CN457,,,,,,,,,
E  CN458,,,,,,,,,
E  CN459,,,,,,,,,
E  CN460,,,,,,,,,
E  CN461,,,,,,,,,
E  CN462,,,,,,,,,
E  CN463,,,,,,,,,
E  CN464,,,,,,,,,
E  CN465,,,,,,,,,
E  CN466,,,,,,,,,
E  CN467,,,,,,,,,
E  CN468,,,,,,,,,
E  CN469,,,,,,,,,
E  CN470,,,,,,,,,
E  CN471,,,,,,,,,
E  CN472,,,,,,,,,
E  CN473,,,,,,,,,
E  CN474,,,,,,,,,
E  CN475,,,,,,,,,
E  CN476,,,,,,,,,
E  CN477,,,,,,,,,
E  CN478,,,,,,,,,
E  CN479,,,,,,,,,
E  CN480,,,,,,,,,
E  CN481,,,,,,,,,
E  CN482,,,,,,,,,
E  CN483,,,,,,,,,
E  CN484,,,,,,,,,
E  CN485,,,,,,,,,
E  CN486,,,,,,,,,
E  CN487,,,,,,,,,
E  CN488,,,,,,,,,
E  CN489,,,,,,,,,
E  CN490,,,,,,,,,
E  CN491,,,,,,,,,
E  CN492,,,,,,,,,
E  CN493,,,,,,,,,
E  CN494,,,,,,,,,
E  CN495,,,,,,,,,
E  CN496,,,,,,,,,
E  CN497,,,,,,,,,
E  CN498,,,,,,,,,
E  CN499,,,,,,,,,
E  CN500,,,,,,,,,
E  CN501,,,,,,,,,
E  CN502,,,,,,,,,
E  CN503,,,,,,,,,
E  CN504,,,,,,,,,
E  CN505,,,,,,,,,
E  CN506,,,,,,,,,
E  CN507,,,,,,,,,
E  CN508,,,,,,,,,
E  CN509,,,,,,,,,
E  CN510,,,,,,,,,
E  CN511,,,,,,,,,
E  CN512,,,,,,,,,
E  CN513,,,,,,,,,
E  CN514,,,,,,,,,
E  CN515,,,,,,,,,
E  CN516,,,,,,,,,
E  CN517,,,,,,,,,
E  CN518,,,,,,,,,
E  CN519,,,,,,,,,
E  CN520,,,,,,,,,
E  CN521,,,,,,,,,
E  CN522,,,,,,,,,
E  CN523,,,,,,,,,
E  CN524,,,,,,,,,
E  CN525,,,,,,,,,
E  CN526,,,,,,,,,
E  CN527,,,,,,,,,
E  CN528,,,,,,,,,
E  CN529,,,,,,,,,
E  CN530,,,,,,,,,
E  CN531,,,,,,,,,
E  CN532,,,,,,,,,
E  CN533,,,,,,,,,
E  CN534,,,,,,,,,
E  CN535,,,,,,,,,
E  CN536,,,,,,,,,
E  CN537,,,,,,,,,
E  CN538,,,,,,,,,
E  CN539,,,,,,,,,
E  CN540,,,,,,,,,
E  CN541,,,,,,,,,
E  CN542,,,,,,,,,
E  CN543,,,,,,,,,
E  CN544,,,,,,,,,
E  CN545,,,,,,,,,
E  CN546,,,,,,,,,
E  CN547,,,,,,,,,
E  CN548,,,,,,,,,
E  CN549,,,,,,,,,
E  CN550,,,,,,,,,
E  CN551,,,,,,,,,
E  CN552,,,,,,,,,
E  CN553,,,,,,,,,
E  CN554,,,,,,,,,
E  CN555,,,,,,,,,
E  CN556,,,,,,,,,
E  CN557,,,,,,,,,
E  CN558,,,,,,,,,
E  CN559,,,,,,,,,
E  CN560,,,,,,,,,
E  CN561,,,,,,,,,
E  CN562,,,,,,,,,
E  CN563,,,,,,,,,
E  CN564,,,,,,,,,
E  CN565,,,,,,,,,
E  CN566,,,,,,,,,
E  CN567,,,,,,,,,
E  CN568,,,,,,,,,
E  CN569,,,,,,,,,
E  CN570,,,,,,,,,
E  CN571,,,,,,,,,
E  CN572,,,,,,,,,
E  CN573,,,,,,,,,
E  CN574,,,,,,,,,
E  CN575,,,,,,,,,
E  CN576,,,,,,,,,
E  CN577,,,,,,,,,
E  CN578,,,,,,,,,
E  CN579,,,,,,,,,
E  CN580,,,,,,,,,
E  CN581,,,,,,,,,
E  CN582,,,,,,,,,
E  CN583,,,,,,,,,
E  CN584,,,,,,,,,
E  CN585,,,,,,,,,
E  CN586,,,,,,,,,
E  CN587,,,,,,,,,
E  CN588,,,,,,,,,
E  CN589,,,,,,,,,
E  CN590,,,,,,,,,
E  CN591,,,,,,,,,
E  CN592,,,,,,,,,
E  CN593,,,,,,,,,
E  CN594,,,,,,,,,
E  CN595,,,,,,,,,
E  CN596,,,,,,,,,
E  CN597,,,,,,,,,
E  CN598,,,,,,,,,
E  CN599,,,,,,,,,
E  CN600,,,,,,,,,
E  CN601,,,,,,,,,
E  CN602,,,,,,,,,
E  CN603,,,,,,,,,
E  CN604,,,,,,,,,
E  CN605,,,,,,,,,
E  CN606,,,,,,,,,
E  CN607,,,,,,,,,
E  CN608,,,,,,,,,
E  CN609,,,,,,,,,
E  CN610,,,,,,,,,
E  CN611,,,,,,,,,
E  CN612,,,,,,,,,
E  CN613,,,,,,,,,
E  CN614,,,,,,,,,
E  CN615,,,,,,,,,
E  CN616,,,,,,,,,
E  CN617,,,,,,,,,
E  CN618,,,,,,,,,
E  CN619,,,,,,,,,
E  CN620,,,,,,,,,
E  CN621,,,,,,,,,
E  CN622,,,,,,,,,
E  CN623,,,,,,,,,
E  CN624,,,,,,,,,
E  CN625,,,,,,,,,
E  CN626,,,,,,,,,
E  CN627,,,,,,,,,
E  CN628,,,,,,,,,
E  CN629,,,,,,,,,
E  CN630,,,,,,,,,
E  CN631,,,,,,,,,
E  CN632,,,,,,,,,
E  CN633,,,,,,,,,
E  CN634,,,,,,,,,
E  CN635,,,,,,,,,
E  CN636,,,,,,,,,
E  CN637,,,,,,,,,
E  CN638,,,,,,,,,
E  CN639,,,,,,,,,
E  CN640,,,,,,,,,
E  CN641,,,,,,,,,
E  CN642,,,,,,,,,
E  CN643,,,,,,,,,
E  CN644,,,,,,,,,
E  CN645,,,,,,,,,
E  CN646,,,,,,,,,
E  CN647,,,,,,,,,
E  CN648,,,,,,,,,
E  CN649,,,,,,,,,
E  CN650,,,,,,,,,
E  CN651,,,,,,,,,
E  CN652,,,,,,,,,
E  CN653,,,,,,,,,
E  CN654,,,,,,,,,
E  CN655,,,,,,,,,
E  CN656,,,,,,,,,
E  CN657,,,,,,,,,
E  CN658,,,,,,,,,
E  CN659,,,,,,,,,
E  CN660,,,,,,,,,
E  CN661,,,,,,,,,
E  CN662,,,,,,,,,
E  CN663,,,,,,,,,
E  CN664,,,,,,,,,
E  CN665,,,,,,,,,
E  CN666,,,,,,,,,
E  CN667,,,,,,,,,
E  CN668,,,,,,,,,
E  CN669,,,,,,,,,
E  CN670,,,,,,,,,
E  CN671,,,,,,,,,
E  CN672,,,,,,,,,
E  CN673,,,,,,,,,
E  CN674,,,,,,,,,
E  CN675,,,,,,,,,
E  CN676,,,,,,,,,
E  CN677,,,,,,,,,
E  CN678,,,,,,,,,
E  CN679,,,,,,,,,
E  CN680,,,,,,,,,
E  CN681,,,,,,,,,
E  CN682,,,,,,,,,
E  CN683,,,,,,,,,
E  CN684,,,,,,,,,
E  CN685,,,,,,,,,
E  CN686,,,,,,,,,
E  CN687,,,,,,,,,
E  CN688,,,,,,,,,
E  CN689,,,,,,,,,
E  CN690,,,,,,,,,
E  CN691,,,,,,,,,
E  CN692,,,,,,,,,
E  CN693,,,,,,,,,
E  CN694,,,,,,,,,
E  CN695,,,,,,,,,
E  CN696,,,,,,,,,
E  CN697,,,,,,,,,
E  CN698,,,,,,,,,
E  CN699,,,,,,,,,
E  CN700,,,,,,,,,
E  CN701,,,,,,,,,
E  CN702,,,,,,,,,
E  CN703,,,,,,,,,
E  CN704,,,,,,,,,
E  CN705,,,,,,,,,
E  CN706,,,,,,,,,
E  CN707,,,,,,,,,
E  CN708,,,,,,,,,
E  CN709,,,,,,,,,
E  CN710,,,,,,,,,
E  CN711,,,,,,,,,
E  CN712,,,,,,,,,
E  CN713,,,,,,,,,
E  CN714,,,,,,,,,
E  CN715,,,,,,,,,
E  CN716,,,,,,,,,
E  CN717,,,,,,,,,
E  CN718,,,,,,,,,
E  CN719,,,,,,,,,
E  CN720,,,,,,,,,
E  CN721,,,,,,,,,
E  CN722,,,,,,,,,
E  CN723,,,,,,,,,
E  CN724,,,,,,,,,
E  CN725,,,,,,,,,
E  CN726,,,,,,,,,
E  CN727,,,,,,,,,
E  CN728,,,,,,,,,
E  CN729,,,,,,,,,
E  CN730,,,,,,,,,
E  CN731,,,,,,,,,
E  CN732,,,,,,,,,
E  CN733,,,,,,,,,
E  CN734,,,,,,,,,
E  CN735,,,,,,,,,
E  CN736,,,,,,,,,
E  CN737,,,,,,,,,
E  CN738,,,,,,,,,
E  CN739,,,,,,,,,
E  CN740,,,,,,,,,
E  CN741,,,,,,,,,
E  CN742,,,,,,,,,
E  CN743,,,,,,,,,
E  CN744,,,,,,,,,
E  CN745,,,,,,,,,
E  CN746,,,,,,,,,
E  CN747,,,,,,,,,
E  CN748,,,,,,,,,
E  CN749,,,,,,,,,
E  CN750,,,,,,,,,
E  CN751,,,,,,,,,
E  CN752,,,,,,,,,
E  CN753,,,,,,,,,
E  CN754,,,,,,,,,
E  CN755,,,,,,,,,
E  CN756,,,,,,,,,
E  CN757,,,,,,,,,
E  CN758,,,,,,,,,
E  CN759,,,,,,,,,
E  CN760,,,,,,,,,
E  CN761,,,,,,,,,
E  CN762,,,,,,,,,
E  CN763,,,,,,,,,
E  CN764,,,,,,,,,
E  CN765,,,,,,,,,
E  CN766,,,,,,,,,
E  CN767,,,,,,,,,
E  CN768,,,,,,,,,
E  CN769,,,,,,,,,
E  CN770,,,,,,,,,
E  CN771,,,,,,,,,
E  CN772,,,,,,,,,
E  CN773,,,,,,,,,
E  CN774,,,,,,,,,
E  CN775,,,,,,,,,
E  CN776,,,,,,,,,
E  CN777,,,,,,,,,
E  CN778,,,,,,,,,
E  CN779,,,,,,,,,
E  CN780,,,,,,,,,
E  CN781,,,,,,,,,
E  CN782,,,,,,,,,
E  CN783,,,,,,,,,
E  CN784,,,,,,,,,
E  CN785,,,,,,,,,
E  CN786,,,,,,,,,
E  CN787,,,,,,,,,
E  CN788,,,,,,,,,
E  CN789,,,,,,,,,
E  CN790,,,,,,,,,
E  CN791,,,,,,,,,
E  CN792,,,,,,,,,
E  CN793,,,,,,,,,
E  CN794,,,,,,,,,
E  CN795,,,,,,,,,
E  CN796,,,,,,,,,
E  CN797,,,,,,,,,
E  CN798,,,,,,,,,
E  CN799,,,,,,,,,
E  CN800,,,,,,,,,
E  CN801,,,,,,,,,
E  CN802,,,,,,,,,
E  CN803,,,,,,,,,
E  CN804,,,,,,,,,
E  CN805,,,,,,,,,
E  CN806,,,,,,,,,
E  CN807,,,,,,,,,
E  CN808,,,,,,,,,
E  CN809,,,,,,,,,
E  CN810,,,,,,,,,
E  CN811,,,,,,,,,
E  CN812,,,,,,,,,
E  CN813,,,,,,,,,
E  CN814,,,,,,,,,
E  CN815,,,,,,,,,
E  CN816,,,,,,,,,
E  CN817,,,,,,,,,
E  CN818,,,,,,,,,
E  CN819,,,,,,,,,
E  CN820,,,,,,,,,
E  CN821,,,,,,,,,
E  CN822,,,,,,,,,
E  CN823,,,,,,,,,
E  CN824,,,,,,,,,
E  CN825,,,,,,,,,
E  CN826,,,,,,,,,
E  CN827,,,,,,,,,
E  CN828,,,,,,,,,
E  CN829,,,,,,,,,
E  CN830,,,,,,,,,
E  CN831,,,,,,,,,
E  CN832,,,,,,,,,
E  CN833,,,,,,,,,
E  CN834,,,,,,,,,
E  CN835,,,,,,,,,
E  CN836,,,,,,,,,
E  CN837,,,,,,,,,
E  CN838,,,,,,,,,
E  CN839,,,,,,,,,
E  CN840,,,,,,,,,
E  CN841,,,,,,,,,
E  CN842,,,,,,,,,
E  CN843,,,,,,,,,
E  CN844,,,,,,,,,
E  CN845,,,,,,,,,
E  CN846,,,,,,,,,
E  CN847,,,,,,,,,
E  CN848,,,,,,,,,
E  CN849,,,,,,,,,
E  CN850,,,,,,,,,
E  CN851,,,,,,,,,
E  CN852,,,,,,,,,
E  CN853,,,,,,,,,
E  CN854,,,,,,,,,
E  CN855,,,,,,,,,
E  CN856,,,,,,,,,
E  CN857,,,,,,,,,
E  CN858,,,,,,,,,
E  CN859,,,,,,,,,
E  CN860,,,,,,,,,
E  CN861,,,,,,,,,
E  CN862,,,,,,,,,
E  CN863,,,,,,,,,
E  CN864,,,,,,,,,
E  CN865,,,,,,,,,
E  CN866,,,,,,,,,
E  CN867,,,,,,,,,
E  CN868,,,,,,,,,
E  CN869,,,,,,,,,
E  CN870,,,,,,,,,
E  CN871,,,,,,,,,
E  CN872,,,,,,,,,
E  CN873,,,,,,,,,
E  CN874,,,,,,,,,
E  CN875,,,,,,,,,
E  CN876,,,,,,,,,
E  CN877,,,,,,,,,
E  CN878,,,,,,,,,
E  CN879,,,,,,,,,
E  CN880,,,,,,,,,
E  CN881,,,,,,,,,
E  CN882,,,,,,,,,
E  CN883,,,,,,,,,
E  CN884,,,,,,,,,
E  CN885,,,,,,,,,
E  CN886,,,,,,,,,
E  CN887,,,,,,,,,
E  CN888,,,,,,,,,
E  CN889,,,,,,,,,
E  CN890,,,,,,,,,
E  CN891,,,,,,,,,
E  CN892,,,,,,,,,
E  CN893,,,,,,,,,
E  CN894,,,,,,,,,
E  CN895,,,,,,,,,
E  CN896,,,,,,,,,
E  CN897,,,,,,,,,
E  CN898,,,,,,,,,
E  CN899,,,,,,,,,
E  CN900,,,,,,,,,
E  CN901,,,,,,,,,
E  CN902,,,,,,,,,
E  CN903,,,,,,,,,
E  CN904,,,,,,,,,
E  CN905,,,,,,,,,
E  CN906,,,,,,,,,
E  CN907,,,,,,,,,
E  CN908,,,,,,,,,
E  CN909,,,,,,,,,
E  CN910,,,,,,,,,
E  CN911,,,,,,,,,
E  CN912,,,,,,,,,
E  CN913,,,,,,,,,
E  CN914,,,,,,,,,
E  CN915,,,,,,,,,
E  CN916,,,,,,,,,
E  CN917,,,,,,,,,
E  CN918,,,,,,,,,
E  CN919,,,,,,,,,
E  CN920,,,,,,,,,
E  CN921,,,,,,,,,
E  CN922,,,,,,,,,
E  CN923,,,,,,,,,
E  CN924,,,,,,,,,
E  CN925,,,,,,,,,
E  CN926,,,,,,,,,
E  CN927,,,,,,,,,
E  CN928,,,,,,,,,
E  CN929,,,,,,,,,
E  CN930,,,,,,,,,
E  CN931,,,,,,,,,
E  CN932,,,,,,,,,
E  CN933,,,,,,,,,
E  CN934,,,,,,,,,
E  CN935,,,,,,,,,
E  CN936,,,,,,,,,
E  CN937,,,,,,,,,
E  CN938,,,,,,,,,
E  CN939,,,,,,,,,
E  CN940,,,,,,,,,
E  CN941,,,,,,,,,
E  CN942,,,,,,,,,
E  CN943,,,,,,,,,
E  CN944,,,,,,,,,
E  CN945,,,,,,,,,
E  CN946,,,,,,,,,
E  CN947,,,,,,,,,
E  CN948,,,,,,,,,
E  CN949,,,,,,,,,
E  CN950,,,,,,,,,
E  CN951,,,,,,,,,
E  CN952,,,,,,,,,
E  CN953,,,,,,,,,
E  CN954,,,,,,,,,
E  CN955,,,,,,,,,
E  CN956,,,,,,,,,
E  CN957,,,,,,,,,
E  CN958,,,,,,,,,
E  CN959,,,,,,,,,
E  CN960,,,,,,,,,
E  CN961,,,,,,,,,
E  CN962,,,,,,,,,
E  CN963,,,,,,,,,
E  CN964,,,,,,,,,
E  CN965,,,,,,,,,
E  CN966,,,,,,,,,
E  CN967,,,,,,,,,
E  CN968,,,,,,,,,
E  CN969,,,,,,,,,
E  CN970,,,,,,,,,
E  CN971,,,,,,,,,
E  CN972,,,,,,,,,
E  CN973,,,,,,,,,
E  CN974,,,,,,,,,
E  CN975,,,,,,,,,
E  CN976,,,,,,,,,
E  CN977,,,,,,,,,
E  CN978,,,,,,,,,
E  CN979,,,,,,,,,
E  CN980,,,,,,,,,
E  CN981,,,,,,,,,
E  CN982,,,,,,,,,
E  CN983,,,,,,,,,
E  CN984,,,,,,,,,
E  CN985,,,,,,,,,
E  CN986,,,,,,,,,
E  CN987,,,,,,,,,
E  CN988,,,,,,,,,
E  CN989,,,,,,,,,
E  CN990,,,,,,,,,
E  CN991,,,,,,,,,
E  CN992,,,,,,,,,
E  CN993,,,,,,,,,
E  CN994,,,,,,,,,
E  CN995,,,,,,,,,
E  CN996,,,,,,,,,
E  CN997,,,,,,,,,
E  CN998,,,,,,,,,
E  CN999,,,,,,,,,
E  CNA02,,,,,,,,,
E  CNA03,,,,,,,,,
E  CNA04,,,,,,,,,
E  CNA05,,,,,,,,,
E  CNA06,,,,,,,,,
E  CNA07,,,,,,,,,
E  CNA08,,,,,,,,,
E  CNA09,,,,,,,,,
E  NC001,,,,,,,,,
E  NC002,,,,,,,,,
E  NC003,,,,,,,,,
E  NC004,,,,,,,,,
E  NC005,,,,,,,,,
E  NC006,,,,,,,,,
E  NC008,,,,,,,,,
E  NC813,,,,,,,,,
E  PN001,,,,,,,,,
E  PN002,,,,,,,,,
E  PN003,,,,,,,,,
E  PN004,,,,,,,,,
E  PN005,,,,,,,,,
E  PN006,,,,,,,,,
E  PN008,,,,,,,,,
E  PN009,,,,,,,,,
E  PN010,,,,,,,,,
E  RN001,,,,,,,,,
E  RR001,,,,,,,,,
E  RR002,,,,,,,,,
E  RR003,,,,,,,,,
E  TA001,,,,,,,,,
E  TA002,,,,,,,,,
E  TA003,,,,,,,,,
E CN0001,,,,,,,,,
E CN0002,,,,,,,,,
E CN0022,,,,,,,,,
E CN0023,,,,,,,,,
E CN0024,,,,,,,,,
E CN0025,,,,,,,,,
E CN0026,,,,,,,,,
E CN0027,,,,,,,,,
E CN0028,,,,,,,,,
E CN0029,,,,,,,,,
E CN0030,,,,,,,,,
E CN0031,,,,,,,,,
E CN0032,,,,,,,,,
E CN0033,,,,,,,,,
E CN0034,,,,,,,,,
E CN0035,,,,,,,,,
E CN0036,,,,,,,,,
E CN0037,,,,,,,,,
E CN0038,,,,,,,,,
E CN0039,,,,,,,,,
E CN0040,,,,,,,,,
E CN0041,,,,,,,,,
E CN0050,,,,,,,,,
E CN0054,,,,,,,,,
E CN0056,,,,,,,,,
E CN0057,,,,,,,,,
E CN0058,,,,,,,,,
E CN0059,,,,,,,,,
E CN0060,,,,,,,,,
E CN0061,,,,,,,,,
E CN0062,,,,,,,,,
E CN0063,,,,,,,,,
E CN0064,,,,,,,,,
E CN0065,,,,,,,,,
E CN0066,,,,,,,,,
E CN0067,,,,,,,,,
E CN0068,,,,,,,,,
E CN0069,,,,,,,,,
E CN0070,,,,,,,,,
E CN0071,,,,,,,,,
E CN0072,,,,,,,,,
E CN0093,,,,,,,,,
E CN0094,,,,,,,,,
E CN0095,,,,,,,,,
E CN0096,,,,,,,,,
E CN0097,,,,,,,,,
E CN0098,,,,,,,,,
E CN0099,,,,,,,,,
E CN0100,,,,,,,,,
E CN0101,,,,,,,,,
E CN0102,,,,,,,,,
E CN0103,,,,,,,,,
E CN0104,,,,,,,,,
E CN0105,,,,,,,,,
E CN0106,,,,,,,,,
E CN0107,,,,,,,,,
E CN0108,,,,,,,,,
E CN0109,,,,,,,,,
E CN0110,,,,,,,,,
E CN0111,,,,,,,,,
E CN0112,,,,,,,,,
E CN0120,,,,,,,,,
E CN0121,,,,,,,,,
E CN0122,,,,,,,,,
E CN0123,,,,,,,,,
E CN0124,,,,,,,,,
E CN0125,,,,,,,,,
E CN0126,,,,,,,,,
E CN0127,,,,,,,,,
E CN0128,,,,,,,,,
E CN0129,,,,,,,,,
E CN0130,,,,,,,,,
E CN0131,,,,,,,,,
E CN0132,,,,,,,,,
E CN0133,,,,,,,,,
E CN0134,,,,,,,,,
E CN0135,,,,,,,,,
E CN0136,,,,,,,,,
E CN0137,,,,,,,,,
E CN0138,,,,,,,,,
E CN0139,,,,,,,,,
E CN0140,,,,,,,,,
E CN0141,,,,,,,,,
E CN0142,,,,,,,,,
E CN0143,,,,,,,,,
E CN0144,,,,,,,,,
E CN0154,,,,,,,,,
E CN0155,,,,,,,,,
E CN0156,,,,,,,,,
E CN0157,,,,,,,,,
E CN0158,,,,,,,,,
E CN0159,,,,,,,,,
E CN0160,,,,,,,,,
E CN0161,,,,,,,,,
E CN0162,,,,,,,,,
E CN0163,,,,,,,,,
E CN0169,,,,,,,,,
E CN0170,,,,,,,,,
E CN0171,,,,,,,,,
E CN0189,,,,,,,,,
E CN0190,,,,,,,,,
E CN0193,,,,,,,,,
E CN0194,,,,,,,,,
E CN0195,,,,,,,,,
E CN0196,,,,,,,,,
E CN0197,,,,,,,,,
E CN0198,,,,,,,,,
E CN0199,,,,,,,,,
E CN0200,,,,,,,,,
E CN0202,,,,,,,,,
E CN0204,,,,,,,,,
E CN0205,,,,,,,,,
E CN0206,,,,,,,,,
E CN0207,,,,,,,,,
E CN0208,,,,,,,,,
E CN0209,,,,,,,,,
E CN0210,,,,,,,,,
E CN0212,,,,,,,,,
E CN0213,,,,,,,,,
E CN0214,,,,,,,,,
E CN0215,,,,,,,,,
E CN0216,,,,,,,,,
E CN0217,,,,,,,,,
E CN0218,,,,,,,,,
E CN0219,,,,,,,,,
E CN0221,,,,,,,,,
E CN0222,,,,,,,,,
E CN0223,,,,,,,,,
E CN0224,,,,,,,,,
E CN0225,,,,,,,,,
E CN0226,,,,,,,,,
E CN0231,,,,,,,,,
E CN0232,,,,,,,,,
E CN0233,,,,,,,,,
E CN0234,,,,,,,,,
E CN0235,,,,,,,,,
E CN0236,,,,,,,,,
E CN0237,,,,,,,,,
E CN0238,,,,,,,,,
E CN0239,,,,,,,,,
E CN0240,,,,,,,,,
E CN0241,,,,,,,,,
E CN0242,,,,,,,,,
E CN0243,,,,,,,,,
E CN0244,,,,,,,,,
E CN0245,,,,,,,,,
E CN0246,,,,,,,,,
E CN0247,,,,,,,,,
E CN0265,,,,,,,,,
E CN0266,,,,,,,,,
E CN0267,,,,,,,,,
E CN0268,,,,,,,,,
E CN0269,,,,,,,,,
E CN0270,,,,,,,,,
E CN0271,,,,,,,,,
E CN0272,,,,,,,,,
E CN0273,,,,,,,,,
E CN0274,,,,,,,,,
E CN0275,,,,,,,,,
E CN0276,,,,,,,,,
E CN0277,,,,,,,,,
E CN0278,,,,,,,,,
E CN0279,,,,,,,,,
E CN0280,,,,,,,,,
E CN0281,,,,,,,,,
E CN0286,,,,,,,,,
E CN0287,,,,,,,,,
E CN0288,,,,,,,,,
E CN0293,,,,,,,,,
E CN0294,,,,,,,,,
E CN0295,,,,,,,,,
E CN0296,,,,,,,,,
E CN0297,,,,,,,,,
E CN0300,,,,,,,,,
E CN0301,,,,,,,,,
E CN0302,,,,,,,,,
E CN0303,,,,,,,,,
E CN0304,,,,,,,,,
E CN0305,,,,,,,,,
E CN0306,,,,,,,,,
E CN0307,,,,,,,,,
E CN0308,,,,,,,,,
E CN0309,,,,,,,,,
E CN0310,,,,,,,,,
E CN0311,,,,,,,,,
E CN0312,,,,,,,,,
E CN0313,,,,,,,,,
E CN0314,,,,,,,,,
E CN0318,,,,,,,,,
E CN0319,,,,,,,,,
E CN0320,,,,,,,,,
E CN0321,,,,,,,,,
E CN0322,,,,,,,,,
E CN0323,,,,,,,,,
E CN0324,,,,,,,,,
E CN0325,,,,,,,,,
E CN0326,,,,,,,,,
E CN0327,,,,,,,,,
E CN0328,,,,,,,,,
E CN0329,,,,,,,,,
E CN0330,,,,,,,,,
E CN0331,,,,,,,,,
E CN0332,,,,,,,,,
E CN0333,,,,,,,,,
E CN0334,,,,,,,,,
E CN0335,,,,,,,,,
E CN0336,,,,,,,,,
E CN0337,,,,,,,,,
E CN0339,,,,,,,,,
E CN0340,,,,,,,,,
E CN0341,,,,,,,,,
E CN0343,,,,,,,,,
E CN0344,,,,,,,,,
E CN0345,,,,,,,,,
E CN0346,,,,,,,,,
E CN0347,,,,,,,,,
E CN0348,,,,,,,,,
E CN0349,,,,,,,,,
E CN0350,,,,,,,,,
E CN0351,,,,,,,,,
E CN0360,,,,,,,,,
E CN0364,,,,,,,,,
E CN0365,,,,,,,,,
E CN0366,,,,,,,,,
E CN0367,,,,,,,,,
E CN0368,,,,,,,,,
E CN0369,,,,,,,,,
E CN0370,,,,,,,,,
E CN0371,,,,,,,,,
E CN0372,,,,,,,,,
E CN0373,,,,,,,,,
E CN0374,,,,,,,,,
E CN0375,,,,,,,,,
E CN0379,,,,,,,,,
E CN0380,,,,,,,,,
E CN0382,,,,,,,,,
E CN0383,,,,,,,,,
E CN0386,,,,,,,,,
E CN0387,,,,,,,,,
E CN0388,,,,,,,,,
E CN0389,,,,,,,,,
E CN0390,,,,,,,,,
E CN0392,,,,,,,,,
E CN0394,,,,,,,,,
E CN0395,,,,,,,,,
E CN0399,,,,,,,,,
E CN0400,,,,,,,,,
E CN0401,,,,,,,,,
E CN0409,,,,,,,,,
E CN0410,,,,,,,,,
E CN0411,,,,,,,,,
E CN0412,,,,,,,,,
E CN0413,,,,,,,,,
E CN0423,,,,,,,,,
E CN0424,,,,,,,,,
E CN0425,,,,,,,,,
E CN0427,,,,,,,,,
E CN0429,,,,,,,,,
E CN0430,,,,,,,,,
E CN0431,,,,,,,,,
E CN0435,,,,,,,,,
E CN0436,,,,,,,,,
E CN0437,,,,,,,,,
E CN0438,,,,,,,,,
E CN0439,,,,,,,,,
E CN0440,,,,,,,,,
E CN0441,,,,,,,,,
E CN0442,,,,,,,,,
E CN0443,,,,,,,,,
E CN0444,,,,,,,,,
E CN0445,,,,,,,,,
E CN0446,,,,,,,,,
E CN0447,,,,,,,,,
E CN0448,,,,,,,,,
E CN0449,,,,,,,,,
E CN0450,,,,,,,,,
E CN0451,,,,,,,,,
E CN0452,,,,,,,,,
E CN0453,,,,,,,,,
E CN0454,,,,,,,,,
E CN0455,,,,,,,,,
E CN0456,,,,,,,,,
E CN0457,,,,,,,,,
E CN0458,,,,,,,,,
E CN0459,,,,,,,,,
E CN0460,,,,,,,,,
E CN0461,,,,,,,,,
E CN0462,,,,,,,,,
E CN0463,,,,,,,,,
E CN0464,,,,,,,,,
E CN0465,,,,,,,,,
E CN0466,,,,,,,,,
E CN0467,,,,,,,,,
E CN0468,,,,,,,,,
E CN0471,,,,,,,,,
E CN0475,,,,,,,,,
E CN0476,,,,,,,,,
E CN0477,,,,,,,,,
E CN0478,,,,,,,,,
E CN0479,,,,,,,,,
E CN0480,,,,,,,,,
E CN0481,,,,,,,,,
E CN0482,,,,,,,,,
E CN0483,,,,,,,,,
E CN0484,,,,,,,,,
E CN0485,,,,,,,,,
E CN0486,,,,,,,,,
E CN0487,,,,,,,,,
E CN0488,,,,,,,,,
E CN0489,,,,,,,,,
E CN0490,,,,,,,,,
E CN0492,,,,,,,,,
E CN0493,,,,,,,,,
E CN0494,,,,,,,,,
E CN0495,,,,,,,,,
E CN0496,,,,,,,,,
E CN0497,,,,,,,,,
E CN0498,,,,,,,,,
E CN0499,,,,,,,,,
E CN0500,,,,,,,,,
E CN0501,,,,,,,,,
E CN0502,,,,,,,,,
E CN0505,,,,,,,,,
E CN0506,,,,,,,,,
E CN0507,,,,,,,,,
E CN0508,,,,,,,,,
E CN0509,,,,,,,,,
E CN0510,,,,,,,,,
E CN0511,,,,,,,,,
E CN0512,,,,,,,,,
E CN0513,,,,,,,,,
E CN0514,,,,,,,,,
E CN0515,,,,,,,,,
E CN0518,,,,,,,,,
E CN0519,,,,,,,,,
E CN0520,,,,,,,,,
E CN0521,,,,,,,,,
E CN0522,,,,,,,,,
E CN0523,,,,,,,,,
E CN0524,,,,,,,,,
E CN0525,,,,,,,,,
E CN0526,,,,,,,,,
E CN0527,,,,,,,,,
E CN0528,,,,,,,,,
E CN0529,,,,,,,,,
E CN0530,,,,,,,,,
E CN0531,,,,,,,,,
E CN0532,,,,,,,,,
E CN0533,,,,,,,,,
E CN0534,,,,,,,,,
E CN0537,,,,,,,,,
E CN0538,,,,,,,,,
E CN0539,,,,,,,,,
E CN0540,,,,,,,,,
E CN0541,,,,,,,,,
E CN0542,,,,,,,,,
E CN0543,,,,,,,,,
E CN0544,,,,,,,,,
E CN0547,,,,,,,,,
E CN0549,,,,,,,,,
E CN0550,,,,,,,,,
E CN0551,,,,,,,,,
E CN0552,,,,,,,,,
E CN0553,,,,,,,,,
E CN0554,,,,,,,,,
E CN0557,,,,,,,,,
E CN0558,,,,,,,,,
E CN0559,,,,,,,,,
E CN0560,,,,,,,,,
E CN0561,,,,,,,,,
E CN0562,,,,,,,,,
E CN0563,,,,,,,,,
E CN0564,,,,,,,,,
E CN0565,,,,,,,,,
E CN0566,,,,,,,,,
E CN0567,,,,,,,,,
E CN0568,,,,,,,,,
E CN0569,,,,,,,,,
E CN0570,,,,,,,,,
E CN0571,,,,,,,,,
E CN0572,,,,,,,,,
E CN0573,,,,,,,,,
E CN0574,,,,,,,,,
E CN0575,,,,,,,,,
E CN0576,,,,,,,,,
E CN0577,,,,,,,,,
E CN0578,,,,,,,,,
E CN0579,,,,,,,,,
E CN0580,,,,,,,,,
E CN0581,,,,,,,,,
E CN0586,,,,,,,,,
E CN0587,,,,,,,,,
E CN0588,,,,,,,,,
E CN0589,,,,,,,,,
E CN0590,,,,,,,,,
E CN0591,,,,,,,,,
E CN0592,,,,,,,,,
E CN0593,,,,,,,,,
E CN0594,,,,,,,,,
E CN0595,,,,,,,,,
E CN0596,,,,,,,,,
E CN0597,,,,,,,,,
E CN0598,,,,,,,,,
E CN0599,,,,,,,,,
E CN0600,,,,,,,,,
E CN0601,,,,,,,,,
E CN0602,,,,,,,,,
E CN0603,,,,,,,,,
E CN0604,,,,,,,,,
E CN0605,,,,,,,,,
E CN0606,,,,,,,,,
E CN0607,,,,,,,,,
E CN0608,,,,,,,,,
E CN0609,,,,,,,,,
E CN0610,,,,,,,,,
E CN0611,,,,,,,,,
E CN0612,,,,,,,,,
E CN0613,,,,,,,,,
E CN0614,,,,,,,,,
E CN0618,,,,,,,,,
E CN0619,,,,,,,,,
E CN0620,,,,,,,,,
E CN0624,,,,,,,,,
E CN0625,,,,,,,,,
E CN0626,,,,,,,,,
E CN0627,,,,,,,,,
E CN0628,,,,,,,,,
E CN0629,,,,,,,,,
E CN0632,,,,,,,,,
E CN0633,,,,,,,,,
E CN0634,,,,,,,,,
E CN0635,,,,,,,,,
E CN0636,,,,,,,,,
E CN0637,,,,,,,,,
E CN0638,,,,,,,,,
E CN0639,,,,,,,,,
E CN0647,,,,,,,,,
E CN0648,,,,,,,,,
E CN0649,,,,,,,,,
E CN0650,,,,,,,,,
E CN0651,,,,,,,,,
E CN0652,,,,,,,,,
E CN0653,,,,,,,,,
E CN0654,,,,,,,,,
E CN0655,,,,,,,,,
E CN0656,,,,,,,,,
E CN0657,,,,,,,,,
E CN0658,,,,,,,,,
E CN0659,,,,,,,,,
E CN0660,,,,,,,,,
E CN0665,,,,,,,,,
E CN0666,,,,,,,,,
E CN0667,,,,,,,,,
E CN0668,,,,,,,,,
E CN0674,,,,,,,,,
E CN0675,,,,,,,,,
E CN0676,,,,,,,,,
E CN0677,,,,,,,,,
E CN0678,,,,,,,,,
E CN0679,,,,,,,,,
E CN0680,,,,,,,,,
E CN0681,,,,,,,,,
E CN0682,,,,,,,,,
E CN0683,,,,,,,,,
E CN0684,,,,,,,,,
E CN0685,,,,,,,,,
E CN0686,,,,,,,,,
E CN0687,,,,,,,,,
E CN0692,,,,,,,,,
E CN0693,,,,,,,,,
E CN0694,,,,,,,,,
E CN0695,,,,,,,,,
E CN0697,,,,,,,,,
E CN0698,,,,,,,,,
E CN0699,,,,,,,,,
E CN0701,,,,,,,,,
E CN0702,,,,,,,,,
E CN0703,,,,,,,,,
E CN0706,,,,,,,,,
E CN0713,,,,,,,,,
E CN0718,,,,,,,,,
E CN0719,,,,,,,,,
E CN0720,,,,,,,,,
E CN0721,,,,,,,,,
E CN0722,,,,,,,,,
E CN0723,,,,,,,,,
E CN0724,,,,,,,,,
E CN0725,,,,,,,,,
E CN0726,,,,,,,,,
E CN0727,,,,,,,,,
E CN0728,,,,,,,,,
E CN0729,,,,,,,,,
E CN0730,,,,,,,,,
E CN0731,,,,,,,,,
E CN0732,,,,,,,,,
E CN0736,,,,,,,,,
E CN0737,,,,,,,,,
E CN0738,,,,,,,,,
E CN0739,,,,,,,,,
E CN0740,,,,,,,,,
E CN0741,,,,,,,,,
E CN0742,,,,,,,,,
E CN0743,,,,,,,,,
E CN0744,,,,,,,,,
E CN0745,,,,,,,,,
E CN0746,,,,,,,,,
E CN0747,,,,,,,,,
E CN0748,,,,,,,,,
E CN0749,,,,,,,,,
E CN0750,,,,,,,,,
E CN0751,,,,,,,,,
E CN0752,,,,,,,,,
E CN0759,,,,,,,,,
E CN0760,,,,,,,,,
E CN0761,,,,,,,,,
E CN0762,,,,,,,,,
E CN0763,,,,,,,,,
E CN0764,,,,,,,,,
E CN0765,,,,,,,,,
E CN0766,,,,,,,,,
E CN0767,,,,,,,,,
E CN0768,,,,,,,,,
E CN0769,,,,,,,,,
E CN0773,,,,,,,,,
E CN0780,,,,,,,,,
E CN0781,,,,,,,,,
E CN0782,,,,,,,,,
E CN0783,,,,,,,,,
E CN0789,,,,,,,,,
E CN0790,,,,,,,,,
E CN0791,,,,,,,,,
E CN0792,,,,,,,,,
E CN0793,,,,,,,,,
E CN0795,,,,,,,,,
E CN0797,,,,,,,,,
E CN0798,,,,,,,,,
E CN0799,,,,,,,,,
E CN0802,,,,,,,,,
E CN0803,,,,,,,,,
E CN0804,,,,,,,,,
E CN0805,,,,,,,,,
E CN0806,,,,,,,,,
E CN0807,,,,,,,,,
E CN0808,,,,,,,,,
E CN0809,,,,,,,,,
E CN0810,,,,,,,,,
E CN0811,,,,,,,,,
E CN0812,,,,,,,,,
E CN0813,,,,,,,,,
E CN0814,,,,,,,,,
E CN0815,,,,,,,,,
E CN0816,,,,,,,,,
E CN0817,,,,,,,,,
E CN0818,,,,,,,,,
E CN0819,,,,,,,,,
E CN0830,,,,,,,,,
E CN0831,,,,,,,,,
E CN0832,,,,,,,,,
E CN0833,,,,,,,,,
E CN0834,,,,,,,,,
E CN0835,,,,,,,,,
E CN0836,,,,,,,,,
E CN0837,,,,,,,,,
E CN0840,,,,,,,,,
E CN0841,,,,,,,,,
E CN0842,,,,,,,,,
E CN0845,,,,,,,,,
E CN0857,,,,,,,,,
E CN0858,,,,,,,,,
E CN0862,,,,,,,,,
E CN0863,,,,,,,,,
E CN0864,,,,,,,,,
E CN0865,,,,,,,,,
E CN0866,,,,,,,,,
E CN0867,,,,,,,,,
E CN0868,,,,,,,,,
E CN0869,,,,,,,,,
E CN0870,,,,,,,,,
E CN0871,,,,,,,,,
E CN0873,,,,,,,,,
E CN0874,,,,,,,,,
E CN0875,,,,,,,,,
E CN0876,,,,,,,,,
E CN0877,,,,,,,,,
E CN0878,,,,,,,,,
E CN0879,,,,,,,,,
E CN0880,,,,,,,,,
E CN0881,,,,,,,,,
E CN0882,,,,,,,,,
E CN0883,,,,,,,,,
E CN0884,,,,,,,,,
E CN0885,,,,,,,,,
E CN0886,,,,,,,,,
E CN0888,,,,,,,,,
E CN0889,,,,,,,,,
E CN0890,,,,,,,,,
E CN0891,,,,,,,,,
E CN0892,,,,,,,,,
E CN0893,,,,,,,,,
E CN0894,,,,,,,,,
E CN0895,,,,,,,,,
E CN0896,,,,,,,,,
E CN0897,,,,,,,,,
E CN0898,,,,,,,,,
E CN0899,,,,,,,,,
E CN0900,,,,,,,,,
E CN0901,,,,,,,,,
E CN0902,,,,,,,,,
E CN0903,,,,,,,,,
E CN0904,,,,,,,,,
E CN0905,,,,,,,,,
E CN0908,,,,,,,,,
E CN0909,,,,,,,,,
E CN0910,,,,,,,,,
E CN0911,,,,,,,,,
E CN0913,,,,,,,,,
E CN0914,,,,,,,,,
E CN0915,,,,,,,,,
E CN0916,,,,,,,,,
E CN0917,,,,,,,,,
E CN0920,,,,,,,,,
E CN0921,,,,,,,,,
E CN0922,,,,,,,,,
E CN0923,,,,,,,,,
E CN0924,,,,,,,,,
E CN0925,,,,,,,,,
E CN0926,,,,,,,,,
E CN0927,,,,,,,,,
E CN0928,,,,,,,,,
E CN0929,,,,,,,,,
E CN0930,,,,,,,,,
E CN0931,,,,,,,,,
E CN0932,,,,,,,,,
E CN0937,,,,,,,,,
E CN0938,,,,,,,,,
E CN0939,,,,,,,,,
E CN0940,,,,,,,,,
E CN0941,,,,,,,,,
E CN0942,,,,,,,,,
E CN0943,,,,,,,,,
E CN0944,,,,,,,,,
E CN0945,,,,,,,,,
E CN0946,,,,,,,,,
E CN0947,,,,,,,,,
E CN0948,,,,,,,,,
E CN0949,,,,,,,,,
E CN0950,,,,,,,,,
E CN0951,,,,,,,,,
E CN0952,,,,,,,,,
E CN0953,,,,,,,,,
E CN0954,,,,,,,,,
E CN0955,,,,,,,,,
E CN0956,,,,,,,,,
E CN0957,,,,,,,,,
E CN0958,,,,,,,,,
E CN0967,,,,,,,,,
E CN1016,,,,,,,,,
E CN1042,,,,,,,,,
E CN1043,,,,,,,,,
E CN1044,,,,,,,,,
E CN1048,,,,,,,,,
E CN1049,,,,,,,,,
E CN1050,,,,,,,,,
E CN1054,,,,,,,,,
E CN1058,,,,,,,,,
E CN1059,,,,,,,,,
E CN1065,,,,,,,,,
E CN1084,,,,,,,,,
E CN1105,,,,,,,,,
E CN1124,,,,,,,,,
E CN1136,,,,,,,,,
E CN1144,,,,,,,,,
E CN1146,,,,,,,,,
E CN1162,,,,,,,,,
E CN1163,,,,,,,,,
E CN1182,,,,,,,,,
E CN1183,,,,,,,,,
E CN1184,,,,,,,,,
E CN1185,,,,,,,,,
E CN1190,,,,,,,,,
E CN1193,,,,,,,,,
E CN1203,,,,,,,,,
E CN1204,,,,,,,,,
E CN1206,,,,,,,,,
E CN1236,,,,,,,,,
E CN1245,,,,,,,,,
E CN1248,,,,,,,,,
E CN1252,,,,,,,,,
E CN1263,,,,,,,,,
E CN1264,,,,,,,,,
E CN1271,,,,,,,,,
E CN1457,,,,,,,,,
E CN1458,,,,,,,,,
E CN1459,,,,,,,,,
E CN1460,,,,,,,,,
E CN1461,,,,,,,,,
E CN1462,,,,,,,,,
E CN1463,,,,,,,,,
E CN1464,,,,,,,,,
E CN1465,,,,,,,,,
E CN1466,,,,,,,,,
E CN1467,,,,,,,,,
E CN1468,,,,,,,,,
E CN1469,,,,,,,,,
E CN1470,,,,,,,,,
E CN1474,,,,,,,,,
E CN1475,,,,,,,,,
E CN1476,,,,,,,,,
E CN1477,,,,,,,,,
E CN1478,,,,,,,,,
E CN1479,,,,,,,,,
E CN1480,,,,,,,,,
E CN1485,,,,,,,,,
E CN1488,,,,,,,,,
E CN1491,,,,,,,,,
E CN1494,,,,,,,,,
E CN1495,,,,,,,,,
E CN1496,,,,,,,,,
E CN1497,,,,,,,,,
E CN1498,,,,,,,,,
E CN1499,,,,,,,,,
E CN1500,,,,,,,,,
E CN1501,,,,,,,,,
E CN1502,,,,,,,,,
E CN1504,,,,,,,,,
E CN1505,,,,,,,,,
E CN1506,,,,,,,,,
E CN1507,,,,,,,,,
E CN1508,,,,,,,,,
E CN1510,,,,,,,,,
E CN1511,,,,,,,,,
E CN1512,,,,,,,,,
E CN1515,,,,,,,,,
E CN1516,,,,,,,,,
E CN1517,,,,,,,,,
E CN1518,,,,,,,,,
E CN1519,,,,,,,,,
E CN1520,,,,,,,,,
E CN1521,,,,,,,,,
E CN1522,,,,,,,,,
E CN1523,,,,,,,,,
E CN1524,,,,,,,,,
E CN1525,,,,,,,,,
E CN1526,,,,,,,,,
E CN1527,,,,,,,,,
E CN1528,,,,,,,,,
E CN1529,,,,,,,,,
E CN1530,,,,,,,,,
E CN1531,,,,,,,,,
E CN1532,,,,,,,,,
E CN1533,,,,,,,,,
E CN1534,,,,,,,,,
E CN1535,,,,,,,,,
E CN1536,,,,,,,,,
E CN1537,,,,,,,,,
E CN1538,,,,,,,,,
E CN1539,,,,,,,,,
E CN1540,,,,,,,,,
E CN1543,,,,,,,,,
E CN1556,,,,,,,,,
E CN1559,,,,,,,,,
E CN1562,,,,,,,,,
E CN1563,,,,,,,,,
E CN1564,,,,,,,,,
E CN1565,,,,,,,,,
E CN1566,,,,,,,,,
E CN1567,,,,,,,,,
E CN1569,,,,,,,,,
E CN1570,,,,,,,,,
E CN1571,,,,,,,,,
E CN1572,,,,,,,,,
E CN1573,,,,,,,,,
E CN1574,,,,,,,,,
E CN1582,,,,,,,,,
E CN1586,,,,,,,,,
E CN1587,,,,,,,,,
E CN1588,,,,,,,,,
E CN1589,,,,,,,,,
E CN1593,,,,,,,,,
E CN1595,,,,,,,,,
E CN1596,,,,,,,,,
E CN1597,,,,,,,,,
E CN1598,,,,,,,,,
E CN1599,,,,,,,,,
E CN1602,,,,,,,,,
E CN1603,,,,,,,,,
E CN1604,,,,,,,,,
E CN1608,,,,,,,,,
ED CN001,,,,,,,,,
ED CN002,,,,,,,,,
ED CN003,,,,,,,,,
ED CN004,,,,,,,,,
ED CN005,,,,,,,,,
ED CN008,,,,,,,,,
ED CN0089,,,,,,,,,
ED CN011,,,,,,,,,
ED CN012,,,,,,,,,
ED CN019,,,,,,,,,
ED CN023,,,,,,,,,
ED CN0249,,,,,,,,,
ED CN0357,,,,,,,,,
ED CN0414,,,,,,,,,
ED CN057,,,,,,,,,
ED CN063,,,,,,,,,
ED CN0705,,,,,,,,,
ED CN1490,,,,,,,,,
ED CN1544,,,,,,,,,
ED CN1607,,,,,,,,,
ED CN222,,,,,,,,,
ED CN225,,,,,,,,,
ED CN226,,,,,,,,,
ED CN449,,,,,,,,,
ED CN901,,,,,,,,,
ED CN902,,,,,,,,,
ED CN903,,,,,,,,,
ED NC001,,,,,,,,,
ED NC002,,,,,,,,,
ED NC003,,,,,,,,,
ED NC004,,,,,,,,,
ED NC005,,,,,,,,,
ED NC006,,,,,,,,,
ED NC007,,,,,,,,,
ED NC008,,,,,,,,,
ED NC009,,,,,,,,,
ED NC010,,,,,,,,,
ED NC012,,,,,,,,,
ED NC013,,,,,,,,,
ED NC014,,,,,,,,,
ED NC015,,,,,,,,,
ED NC016,,,,,,,,,
ED NC017,,,,,,,,,
ED NC0177,,,,,,,,,
ED NC018,,,,,,,,,
ED NC019,,,,,,,,,
ED NC020,,,,,,,,,
ED NC024,,,,,,,,,
ED NC026,,,,,,,,,
ED NC027,,,,,,,,,
ED NC028,,,,,,,,,
ED NC029,,,,,,,,,
ED NC030,,,,,,,,,
ED NC031,,,,,,,,,
ED NC032,,,,,,,,,
ED NC033,,,,,,,,,
ED NC034,,,,,,,,,
ED NC036,,,,,,,,,
ED NC037,,,,,,,,,
ED NC038,,,,,,,,,
ED NC040,,,,,,,,,
ED NC041,,,,,,,,,
ED NC042,,,,,,,,,
ED NC043,,,,,,,,,
ED NC044,,,,,,,,,
ED NC046,,,,,,,,,
ED NC047,,,,,,,,,
ED NC048,,,,,,,,,
ED NC049,,,,,,,,,
ED NC052,,,,,,,,,
ED NC054,,,,,,,,,
ED NC055,,,,,,,,,
ED NC056,,,,,,,,,
ED NC057,,,,,,,,,
ED NC058,,,,,,,,,
ED NC059,,,,,,,,,
ED NC060,,,,,,,,,
ED NC061,,,,,,,,,
ED NC062,,,,,,,,,
ED NC065,,,,,,,,,
ED NC066,,,,,,,,,
ED NC067,,,,,,,,,
ED NC068,,,,,,,,,
ED NC0689,,,,,,,,,
ED NC070,,,,,,,,,
ED NC071,,,,,,,,,
ED NC072,,,,,,,,,
ED NC073,,,,,,,,,
ED NC074,,,,,,,,,
ED NC075,,,,,,,,,
ED NC080,,,,,,,,,
ED NC084,,,,,,,,,
ED NC086,,,,,,,,,
ED NC087,,,,,,,,,
ED NC088,,,,,,,,,
ED NC092,,,,,,,,,
ED NC093,,,,,,,,,
ED NC096,,,,,,,,,
ED NC097,,,,,,,,,
ED NC0995,,,,,,,,,
ED NC105,,,,,,,,,
ED NC106,,,,,,,,,
ED NC109,,,,,,,,,
ED NC111,,,,,,,,,
ED NC112,,,,,,,,,
ED NC1175,,,,,,,,,
ED NC118,,,,,,,,,
ED NC120,,,,,,,,,
ED NC121,,,,,,,,,
ED NC122,,,,,,,,,
ED NC123,,,,,,,,,
ED NC125,,,,,,,,,
ED NC126,,,,,,,,,
ED NC127,,,,,,,,,
ED NC1270,,,,,,,,,
ED NC1272,,,,,,,,,
ED NC128,,,,,,,,,
ED NC129,,,,,,,,,
ED NC130,,,,,,,,,
ED NC1353,,,,,,,,,
ED NC1545,,,,,,,,,
ED NC1553,,,,,,,,,
ED NC780,,,,,,,,,
ED NC902,,,,,,,,,
ED TA001,,,,,,,,,
ED TA777,,,,,,,,,
EP CN001,,,,,,,,,
EP CN0582,,,,,,,,,
ERROR: #NAME?,,,,,,,,,
F  CN001,,,,,,,,,
F  CN002,,,,,,,,,
F  CN003,,,,,,,,,
F  CN004,,,,,,,,,
F  CN005,,,,,,,,,
F  CN006,,,,,,,,,
F  CN007,,,,,,,,,
F  CN008,,,,,,,,,
F  CN009,,,,,,,,,
F  CN010,,,,,,,,,
F  CN011,,,,,,,,,
F  CN012,,,,,,,,,
F  CN013,,,,,,,,,
F  CN014,,,,,,,,,
F  CN015,,,,,,,,,
F  CN016,,,,,,,,,
F  CN017,,,,,,,,,
F  CN018,,,,,,,,,
F  CN019,,,,,,,,,
F  CN020,,,,,,,,,
F  CN021,,,,,,,,,
F  CN022,,,,,,,,,
F  CN023,,,,,,,,,
F  CN024,,,,,,,,,
F  CN025,,,,,,,,,
F  CN026,,,,,,,,,
F  CN027,,,,,,,,,
F  CN028,,,,,,,,,
F  CN029,,,,,,,,,
F  CN030,,,,,,,,,
F  CN031,,,,,,,,,
F  CN032,,,,,,,,,
F  CN033,,,,,,,,,
F  CN034,,,,,,,,,
F  CN036,,,,,,,,,
F  CN037,,,,,,,,,
F  CN038,,,,,,,,,
F  CN039,,,,,,,,,
F  CN040,,,,,,,,,
F  CN041,,,,,,,,,
F  CN042,,,,,,,,,
F  CN043,,,,,,,,,
F  CN045,,,,,,,,,
F  CN046,,,,,,,,,
F  CN567,,,,,,,,,
F  CN777,,,,,,,,,
F  NC001,,,,,,,,,
F  NC002,,,,,,,,,
F CN0113,,,,,,,,,
F CN0299,,,,,,,,,
F CN0354,,,,,,,,,
F CN0422,,,,,,,,,
F CN0472,,,,,,,,,
F CN0504,,,,,,,,,
F CN0583,,,,,,,,,
F CN0615,,,,,,,,,
F CN0646,,,,,,,,,
F CN0772,,,,,,,,,
F CN0839,,,,,,,,,
F CN1052,,,,,,,,,
F CN1088,,,,,,,,,
F CN1169,,,,,,,,,
F CN1335,,,,,,,,,
F CN1503,,,,,,,,,
FY26,,,,,,,,,
HA CN0007,,,,,,,,,
HA CN001,,,,,,,,,
HA CN002,,,,,,,,,
HA CN003,,,,,,,,,
HA CN004,,,,,,,,,
HA CN005,,,,,,,,,
HA CN006,,,,,,,,,
HA CN007,,,,,,,,,
HA CN008,,,,,,,,,
HA CN009,,,,,,,,,
HA CN010,,,,,,,,,
HA CN011,,,,,,,,,
HA CN012,,,,,,,,,
HA CN013,,,,,,,,,
HA CN014,,,,,,,,,
HA CN015,,,,,,,,,
HA CN016,,,,,,,,,
HA CN017,,,,,,,,,
HA CN018,,,,,,,,,
HA CN019,,,,,,,,,
HA CN020,,,,,,,,,
HA CN021,,,,,,,,,
HA CN022,,,,,,,,,
HA CN023,,,,,,,,,
HA CN024,,,,,,,,,
HA CN025,,,,,,,,,
HA CN026,,,,,,,,,
HA CN027,,,,,,,,,
HA CN028,,,,,,,,,
HA CN029,,,,,,,,,
HA CN030,,,,,,,,,
HA CN031,,,,,,,,,
HA CN032,,,,,,,,,
HA CN033,,,,,,,,,
HA CN034,,,,,,,,,
HA CN035,,,,,,,,,
HA CN036,,,,,,,,,
HA CN037,,,,,,,,,
HA CN038,,,,,,,,,
HA CN039,,,,,,,,,
HA CN040,,,,,,,,,
HA CN041,,,,,,,,,
HA CN042,,,,,,,,,
HA CN0556,,,,,,,,,
HA CN1546,,,,,,,,,
HA CN200,,,,,,,,,
HA CN201,,,,,,,,,
HA CN202,,,,,,,,,
HA CN203,,,,,,,,,
HA CN36,,,,,,,,,
HA CN37,,,,,,,,,
HA CN38,,,,,,,,,
HA CN39,,,,,,,,,
HA CN40,,,,,,,,,
HA CN41,,,,,,,,,
HA CN42,,,,,,,,,
HA CN43,,,,,,,,,
HA CN44,,,,,,,,,
HA CN45,,,,,,,,,
HA CN46,,,,,,,,,
HA CN47,,,,,,,,,
HA CN48,,,,,,,,,
HA CN49,,,,,,,,,
HA CN900,,,,,,,,,
HA CN901,,,,,,,,,
HA CN903,,,,,,,,,
HA CN905,,,,,,,,,
HA CN906,,,,,,,,,
HA CN908,,,,,,,,,
HA CN911,,,,,,,,,
HA CN913,,,,,,,,,
HA CN914,,,,,,,,,
HA CN915,,,,,,,,,
HA CN916,,,,,,,,,
HA CN917,,,,,,,,,
HA CN918,,,,,,,,,
HA NC0290,,,,,,,,,
HA NC1036,,,,,,,,,
HA RN001,,,,,,,,,
HA RR001,,,,,,,,,
HA RR002,,,,,,,,,
HA RR003,,,,,,,,,
HD CN001,,,,,,,,,
HD CN003,,,,,,,,,
HD CN004,,,,,,,,,
HD CN777,,,,,,,,,
HD CN888,,,,,,,,,
HD NC001,,,,,,,,,
HD NC0011,,,,,,,,,
HD NC0012,,,,,,,,,
HD NC002,,,,,,,,,
HD NC003,,,,,,,,,
HD NC004,,,,,,,,,
HD NC005,,,,,,,,,
HD NC006,,,,,,,,,
HD NC007,,,,,,,,,
HD NC0076,,,,,,,,,
HD NC0077,,,,,,,,,
HD NC008,,,,,,,,,
HD NC009,,,,,,,,,
HD NC010,,,,,,,,,
HD NC011,,,,,,,,,
HD NC0119,,,,,,,,,
HD NC012,,,,,,,,,
HD NC013,,,,,,,,,
HD NC014,,,,,,,,,
HD NC015,,,,,,,,,
HD NC016,,,,,,,,,
HD NC017,,,,,,,,,
HD NC018,,,,,,,,,
HD NC0181,,,,,,,,,
HD NC0187,,,,,,,,,
HD NC019,,,,,,,,,
HD NC020,,,,,,,,,
HD NC021,,,,,,,,,
HD NC022,,,,,,,,,
HD NC023,,,,,,,,,
HD NC024,,,,,,,,,
HD NC025,,,,,,,,,
HD NC0251,,,,,,,,,
HD NC0252,,,,,,,,,
HD NC0254,,,,,,,,,
HD NC0257,,,,,,,,,
HD NC026,,,,,,,,,
HD NC0260,,,,,,,,,
HD NC0261,,,,,,,,,
HD NC027,,,,,,,,,
HD NC028,,,,,,,,,
HD NC029,,,,,,,,,
HD NC030,,,,,,,,,
HD NC031,,,,,,,,,
HD NC032,,,,,,,,,
HD NC033,,,,,,,,,
HD NC034,,,,,,,,,
HD NC035,,,,,,,,,
HD NC0358,,,,,,,,,
HD NC036,,,,,,,,,
HD NC037,,,,,,,,,
HD NC038,,,,,,,,,
HD NC0384,,,,,,,,,
HD NC039,,,,,,,,,
HD NC040,,,,,,,,,
HD NC0402,,,,,,,,,
HD NC0403,,,,,,,,,
HD NC0404,,,,,,,,,
HD NC0405,,,,,,,,,
HD NC041,,,,,,,,,
HD NC0416,,,,,,,,,
HD NC0417,,,,,,,,,
HD NC042,,,,,,,,,
HD NC043,,,,,,,,,
HD NC0432,,,,,,,,,
HD NC0433,,,,,,,,,
HD NC0434,,,,,,,,,
HD NC044,,,,,,,,,
HD NC045,,,,,,,,,
HD NC046,,,,,,,,,
HD NC047,,,,,,,,,
HD NC048,,,,,,,,,
HD NC049,,,,,,,,,
HD NC050,,,,,,,,,
HD NC051,,,,,,,,,
HD NC0516,,,,,,,,,
HD NC052,,,,,,,,,
HD NC053,,,,,,,,,
HD NC054,,,,,,,,,
HD NC0545,,,,,,,,,
HD NC055,,,,,,,,,
HD NC056,,,,,,,,,
HD NC057,,,,,,,,,
HD NC058,,,,,,,,,
HD NC059,,,,,,,,,
HD NC060,,,,,,,,,
HD NC061,,,,,,,,,
HD NC062,,,,,,,,,
HD NC063,,,,,,,,,
HD NC064,,,,,,,,,
HD NC0642,,,,,,,,,
HD NC065,,,,,,,,,
HD NC066,,,,,,,,,
HD NC067,,,,,,,,,
HD NC068,,,,,,,,,
HD NC069,,,,,,,,,
HD NC0690,,,,,,,,,
HD NC070,,,,,,,,,
HD NC0708,,,,,,,,,
HD NC0709,,,,,,,,,
HD NC071,,,,,,,,,
HD NC072,,,,,,,,,
HD NC073,,,,,,,,,
HD NC0734,,,,,,,,,
HD NC0735,,,,,,,,,
HD NC074,,,,,,,,,
HD NC075,,,,,,,,,
HD NC076,,,,,,,,,
HD NC077,,,,,,,,,
HD NC0778,,,,,,,,,
HD NC0779,,,,,,,,,
HD NC078,,,,,,,,,
HD NC079,,,,,,,,,
HD NC081,,,,,,,,,
HD NC082,,,,,,,,,
HD NC0829,,,,,,,,,
HD NC084,,,,,,,,,
HD NC085,,,,,,,,,
HD NC086,,,,,,,,,
HD NC087,,,,,,,,,
HD NC089,,,,,,,,,
HD NC091,,,,,,,,,
HD NC0978,,,,,,,,,
HD NC100,,,,,,,,,
HD NC101,,,,,,,,,
HD NC102,,,,,,,,,
HD NC1027,,,,,,,,,
HD NC103,,,,,,,,,
HD NC104,,,,,,,,,
HD NC106,,,,,,,,,
HD NC107,,,,,,,,,
HD NC108,,,,,,,,,
HD NC1083,,,,,,,,,
HD NC1085,,,,,,,,,
HD NC1087,,,,,,,,,
HD NC1176,,,,,,,,,
HD NC1181,,,,,,,,,
HD NC1192,,,,,,,,,
HD NC1194,,,,,,,,,
HD NC1195,,,,,,,,,
HD NC1214,,,,,,,,,
HD NC1218,,,,,,,,,
HD NC1220,,,,,,,,,
HD NC1231,,,,,,,,,
HD NC1232,,,,,,,,,
HD NC1246,,,,,,,,,
HD NC1247,,,,,,,,,
HD NC1337,,,,,,,,,
HD NC1366,,,,,,,,,
HD NC1368,,,,,,,,,
HD NC1375,,,,,,,,,
HD NC1382,,,,,,,,,
HD NC1398,,,,,,,,,
HD NC1406,,,,,,,,,
HD NC1418,,,,,,,,,
HD NC1430,,,,,,,,,
HD NC1431,,,,,,,,,
HD NC1434,,,,,,,,,
HD NC1471,,,,,,,,,
HD NC1473,,,,,,,,,
HD NC1481,,,,,,,,,
HD NC1482,,,,,,,,,
HD NC1559,,,,,,,,,
HD NC200,,,,,,,,,
HD NC455,,,,,,,,,
HD NC777,,,,,,,,,
HD NC901,,,,,,,,,
HD NC902,,,,,,,,,
HD NC903,,,,,,,,,
HD NC904,,,,,,,,,
HD NC905,,,,,,,,,
HD NC906,,,,,,,,,
HD NC907,,,,,,,,,
HD NC908,,,,,,,,,
HD NC909,,,,,,,,,
HD NC910,,,,,,,,,
HD NC911,,,,,,,,,
HD NC912,,,,,,,,,
HD NC913,,,,,,,,,
HD NC914,,,,,,,,,
HD NC915,,,,,,,,,
HD NC916,,,,,,,,,
HD NC919,,,,,,,,,
HD NC921,,,,,,,,,
HD NC922,,,,,,,,,
HD NC924,,,,,,,,,
HD NC925,,,,,,,,,
HD NC926,,,,,,,,,
HD NC927,,,,,,,,,
HD NC928,,,,,,,,,
HD RN001,,,,,,,,,
HD RR001,,,,,,,,,
HD RR002,,,,,,,,,
HD TA001,,,,,,,,,
HH NC001,,,,,,,,,
HH NC0979,,,,,,,,,
HH NC1558,,,,,,,,,
HL  NC02,,,,,,,,,
HL NC001,,,,,,,,,
HL NC002,,,,,,,,,
HL NC003,,,,,,,,,
HL NC004,,,,,,,,,
HL NC005,,,,,,,,,
HL NC006,,,,,,,,,
HL NC007,,,,,,,,,
HL NC008,,,,,,,,,
HL NC009,,,,,,,,,
HL NC010,,,,,,,,,
HL NC011,,,,,,,,,
HL NC012,,,,,,,,,
HL NC013,,,,,,,,,
HL NC014,,,,,,,,,
HL NC015,,,,,,,,,
HL NC016,,,,,,,,,
HL NC017,,,,,,,,,
HL NC018,,,,,,,,,
HL NC0185,,,,,,,,,
HL NC019,,,,,,,,,
HL NC020,,,,,,,,,
HL NC021,,,,,,,,,
HL NC022,,,,,,,,,
HL NC023,,,,,,,,,
HL NC024,,,,,,,,,
HL NC025,,,,,,,,,
HL NC026,,,,,,,,,
HL NC0264,,,,,,,,,
HL NC027,,,,,,,,,
HL NC028,,,,,,,,,
HL NC029,,,,,,,,,
HL NC030,,,,,,,,,
HL NC031,,,,,,,,,
HL NC032,,,,,,,,,
HL NC033,,,,,,,,,
HL NC034,,,,,,,,,
HL NC035,,,,,,,,,
HL NC036,,,,,,,,,
HL NC0363,,,,,,,,,
HL NC037,,,,,,,,,
HL NC038,,,,,,,,,
HL NC039,,,,,,,,,
HL NC040,,,,,,,,,
HL NC041,,,,,,,,,
HL NC042,,,,,,,,,
HL NC043,,,,,,,,,
HL NC044,,,,,,,,,
HL NC045,,,,,,,,,
HL NC046,,,,,,,,,
HL NC047,,,,,,,,,
HL NC0474,,,,,,,,,
HL NC048,,,,,,,,,
HL NC052,,,,,,,,,
HL NC053,,,,,,,,,
HL NC055,,,,,,,,,
HL NC056,,,,,,,,,
HL NC0756,,,,,,,,,
HL NC0823,,,,,,,,,
HL NC0825,,,,,,,,,
HL NC0850,,,,,,,,,
HL NC0854,,,,,,,,,
HL NC0855,,,,,,,,,
HL NC0856,,,,,,,,,
HL NC0906,,,,,,,,,
HL NC0907,,,,,,,,,
HL NC0934,,,,,,,,,
HL NC0963,,,,,,,,,
HL NC1187,,,,,,,,,
HL NC1207,,,,,,,,,
HL NC1258,,,,,,,,,
HL NC1261,,,,,,,,,
HL NC1267,,,,,,,,,
HL NC1277,,,,,,,,,
HL NC1279,,,,,,,,,
HL NC1333,,,,,,,,,
HL NC1367,,,,,,,,,
HL NC1369,,,,,,,,,
HL NC1419,,,,,,,,,
HL NC1421,,,,,,,,,
HL NC1435,,,,,,,,,
HL NC1547,,,,,,,,,
HL NC1549,,,,,,,,,
HL NC1550,,,,,,,,,
HL NC57,,,,,,,,,
HL NC901,,,,,,,,,
HL NC902,,,,,,,,,
HL NC904,,,,,,,,,
HL NC905,,,,,,,,,
HL NC906,,,,,,,,,
HL NC907,,,,,,,,,
HL NC908,,,,,,,,,
HL NC910,,,,,,,,,
HL NC912,,,,,,,,,
HL NC913,,,,,,,,,
HL NC914,,,,,,,,,
HL NC915,,,,,,,,,
HL RR001,,,,,,,,,
HL TA001,,,,,,,,,
HL TA002,,,,,,,,,
HN CN001,,,,,,,,,
HN CN002,,,,,,,,,
HN CN0021,,,,,,,,,
HN CN003,,,,,,,,,
HN CN004,,,,,,,,,
HN CN005,,,,,,,,,
HN CN006,,,,,,,,,
HN CN007,,,,,,,,,
HN CN008,,,,,,,,,
HN CN009,,,,,,,,,
HN CN0090,,,,,,,,,
HN CN0091,,,,,,,,,
HN CN010,,,,,,,,,
HN CN011,,,,,,,,,
HN CN012,,,,,,,,,
HN CN013,,,,,,,,,
HN CN014,,,,,,,,,
HN CN0145,,,,,,,,,
HN CN015,,,,,,,,,
HN CN016,,,,,,,,,
HN CN0164,,,,,,,,,
HN CN017,,,,,,,,,
HN CN018,,,,,,,,,
HN CN019,,,,,,,,,
HN CN020,,,,,,,,,
HN CN021,,,,,,,,,
HN CN022,,,,,,,,,
HN CN0229,,,,,,,,,
HN CN023,,,,,,,,,
HN CN024,,,,,,,,,
HN CN025,,,,,,,,,
HN CN026,,,,,,,,,
HN CN027,,,,,,,,,
HN CN028,,,,,,,,,
HN CN029,,,,,,,,,
HN CN0298,,,,,,,,,
HN CN030,,,,,,,,,
HN CN031,,,,,,,,,
HN CN032,,,,,,,,,
HN CN033,,,,,,,,,
HN CN034,,,,,,,,,
HN CN035,,,,,,,,,
HN CN036,,,,,,,,,
HN CN037,,,,,,,,,
HN CN0376,,,,,,,,,
HN CN038,,,,,,,,,
HN CN039,,,,,,,,,
HN CN040,,,,,,,,,
HN CN041,,,,,,,,,
HN CN042,,,,,,,,,
HN CN043,,,,,,,,,
HN CN044,,,,,,,,,
HN CN045,,,,,,,,,
HN CN046,,,,,,,,,
HN CN047,,,,,,,,,
HN CN048,,,,,,,,,
HN CN049,,,,,,,,,
HN CN051,,,,,,,,,
HN CN052,,,,,,,,,
HN CN053,,,,,,,,,
HN CN054,,,,,,,,,
HN CN055,,,,,,,,,
HN CN056,,,,,,,,,
HN CN057,,,,,,,,,
HN CN058,,,,,,,,,
HN CN059,,,,,,,,,
HN CN060,,,,,,,,,
HN CN061,,,,,,,,,
HN CN062,,,,,,,,,
HN CN101,,,,,,,,,
HN CN1122,,,,,,,,,
HN CN1260,,,,,,,,,
HN CN1436,,,,,,,,,
HN CN1437,,,,,,,,,
HN CN1438,,,,,,,,,
HN CN1439,,,,,,,,,
HN CN1440,,,,,,,,,
HN CN1441,,,,,,,,,
HN CN1442,,,,,,,,,
HN CN1443,,,,,,,,,
HN CN1444,,,,,,,,,
HN CN1446,,,,,,,,,
HN CN1448,,,,,,,,,
HN CN1451,,,,,,,,,
HN CN1453,,,,,,,,,
HN CN1454,,,,,,,,,
HN CN1455,,,,,,,,,
HN CN1568,,,,,,,,,
HN CN901,,,,,,,,,
HN CN902,,,,,,,,,
HN CN903,,,,,,,,,
HN CN905,,,,,,,,,
HN CN906,,,,,,,,,
HN CN907,,,,,,,,,
HN CN909,,,,,,,,,
HN CN911,,,,,,,,,
HN CN916,,,,,,,,,
HN CN917,,,,,,,,,
HN CN918,,,,,,,,,
HN NC915,,,,,,,,,
HN NC916,,,,,,,,,
HN NC917,,,,,,,,,
HN NC918,,,,,,,,,
HN NC919,,,,,,,,,
HN NC920,,,,,,,,,
HN NC922,,,,,,,,,
HN NC923,,,,,,,,,
HN NC924,,,,,,,,,
HN NC925,,,,,,,,,
HN NC926,,,,,,,,,
HN NC928,,,,,,,,,
HN NC929,,,,,,,,,
HN NC930,,,,,,,,,
HN RN001,,,,,,,,,
HN TA001,,,,,,,,,
HO CN001,,,,,,,,,
HO CN002,,,,,,,,,
HO CN003,,,,,,,,,
HO CN004,,,,,,,,,
HO CN005,,,,,,,,,
HO CN006,,,,,,,,,
HO CN007,,,,,,,,,
HO CN008,,,,,,,,,
HO CN009,,,,,,,,,
HO CN010,,,,,,,,,
HO CN011,,,,,,,,,
HO CN012,,,,,,,,,
HO CN013,,,,,,,,,
HO CN014,,,,,,,,,
HO CN0146,,,,,,,,,
HO CN015,,,,,,,,,
HO CN016,,,,,,,,,
HO CN017,,,,,,,,,
HO CN018,,,,,,,,,
HO CN019,,,,,,,,,
HO CN020,,,,,,,,,
HO CN021,,,,,,,,,
HO CN022,,,,,,,,,
HO CN0220,,,,,,,,,
HO CN023,,,,,,,,,
HO CN0230,,,,,,,,,
HO CN024,,,,,,,,,
HO CN025,,,,,,,,,
HO CN026,,,,,,,,,
HO CN027,,,,,,,,,
HO CN028,,,,,,,,,
HO CN029,,,,,,,,,
HO CN030,,,,,,,,,
HO CN031,,,,,,,,,
HO CN032,,,,,,,,,
HO CN033,,,,,,,,,
HO CN034,,,,,,,,,
HO CN035,,,,,,,,,
HO CN036,,,,,,,,,
HO CN037,,,,,,,,,
HO CN0397,,,,,,,,,
HO CN042,,,,,,,,,
HO CN043,,,,,,,,,
HO CN044,,,,,,,,,
HO CN045,,,,,,,,,
HO CN046,,,,,,,,,
HO CN047,,,,,,,,,
HO CN0536,,,,,,,,,
HO CN0548,,,,,,,,,
HO CN0673,,,,,,,,,
HO CN0704,,,,,,,,,
HO CN0784,,,,,,,,,
HO CN0785,,,,,,,,,
HO CN0801,,,,,,,,,
HO CN0820,,,,,,,,,
HO CN0821,,,,,,,,,
HO CN1028,,,,,,,,,
HO CN1104,,,,,,,,,
HO CN1131,,,,,,,,,
HO CN1227,,,,,,,,,
HO CN1228,,,,,,,,,
HO CN1244,,,,,,,,,
HO CN1288,,,,,,,,,
HO CN472,,,,,,,,,
HO CN901,,,,,,,,,
HO CN902,,,,,,,,,
HO CN905,,,,,,,,,
HO CN906,,,,,,,,,
HO CN907,,,,,,,,,
HO RR001,,,,,,,,,
HR CN001,,,,,,,,,
HR CN002,,,,,,,,,
HR CN003,,,,,,,,,
HR NC001,,,,,,,,,
HR NC003,,,,,,,,,
HR NC004,,,,,,,,,
HR NC0045,,,,,,,,,
HR NC005,,,,,,,,,
HR NC007,,,,,,,,,
HR NC008,,,,,,,,,
HR NC009,,,,,,,,,
HR NC011,,,,,,,,,
HR NC012,,,,,,,,,
HR NC013,,,,,,,,,
HR NC014,,,,,,,,,
HR NC015,,,,,,,,,
HR NC016,,,,,,,,,
HR NC017,,,,,,,,,
HR NC018,,,,,,,,,
HR NC0184,,,,,,,,,
HR NC019,,,,,,,,,
HR NC020,,,,,,,,,
HR NC021,,,,,,,,,
HR NC024,,,,,,,,,
HR NC027,,,,,,,,,
HR NC028,,,,,,,,,
HR NC030,,,,,,,,,
HR NC031,,,,,,,,,
HR NC033,,,,,,,,,
HR NC034,,,,,,,,,
HR NC035,,,,,,,,,
HR NC037,,,,,,,,,
HR NC0378,,,,,,,,,
HR NC038,,,,,,,,,
HR NC0385,,,,,,,,,
HR NC040,,,,,,,,,
HR NC0406,,,,,,,,,
HR NC044,,,,,,,,,
HR NC045,,,,,,,,,
HR NC046,,,,,,,,,
HR NC047,,,,,,,,,
HR NC048,,,,,,,,,
HR NC049,,,,,,,,,
HR NC059,,,,,,,,,
HR NC060,,,,,,,,,
HR NC063,,,,,,,,,
HR NC064,,,,,,,,,
HR NC065,,,,,,,,,
HR NC066,,,,,,,,,
HR NC067,,,,,,,,,
HR NC0753,,,,,,,,,
HR NC0754,,,,,,,,,
HR NC0758,,,,,,,,,
HR NC0774,,,,,,,,,
HR NC0846,,,,,,,,,
HR NC0964,,,,,,,,,
HR NC1079,,,,,,,,,
HR NC1226,,,,,,,,,
HR NC1341,,,,,,,,,
HR NC1373,,,,,,,,,
HR NC1377,,,,,,,,,
HR NC1378,,,,,,,,,
HR NC1427,,,,,,,,,
HR NC1552,,,,,,,,,
HR NC901,,,,,,,,,
HR NC907,,,,,,,,,
HR NC909,,,,,,,,,
HR NC910,,,,,,,,,
HR NC911,,,,,,,,,
HR NC912,,,,,,,,,
HR NC913,,,,,,,,,
HR NC914,,,,,,,,,
HR RN001,,,,,,,,,
HR TA001,,,,,,,,,
HW CN001,,,,,,,,,
HW CN002,,,,,,,,,
HW CN003,,,,,,,,,
HW CN004,,,,,,,,,
HW CN005,,,,,,,,,
HW CN0053,,,,,,,,,
HW CN006,,,,,,,,,
HW CN007,,,,,,,,,
HW CN008,,,,,,,,,
HW CN009,,,,,,,,,
HW CN010,,,,,,,,,
HW CN011,,,,,,,,,
HW CN012,,,,,,,,,
HW CN013,,,,,,,,,
HW CN014,,,,,,,,,
HW CN0149,,,,,,,,,
HW CN015,,,,,,,,,
HW CN016,,,,,,,,,
HW CN017,,,,,,,,,
HW CN018,,,,,,,,,
HW CN019,,,,,,,,,
HW CN020,,,,,,,,,
HW CN021,,,,,,,,,
HW CN022,,,,,,,,,
HW CN023,,,,,,,,,
HW CN024,,,,,,,,,
HW CN025,,,,,,,,,
HW CN026,,,,,,,,,
HW CN027,,,,,,,,,
HW CN028,,,,,,,,,
HW CN030,,,,,,,,,
HW CN031,,,,,,,,,
HW CN032,,,,,,,,,
HW CN033,,,,,,,,,
HW CN034,,,,,,,,,
HW CN035,,,,,,,,,
HW CN036,,,,,,,,,
HW CN037,,,,,,,,,
HW CN038,,,,,,,,,
HW CN0631,,,,,,,,,
HW CN0640,,,,,,,,,
HW CN0933,,,,,,,,,
HW CN0961,,,,,,,,,
HW CN1432,,,,,,,,,
HW CN1513,,,,,,,,,
HW CN1514,,,,,,,,,
HW CN904,,,,,,,,,
HW CN905,,,,,,,,,
HW CN906,,,,,,,,,
HW NC004,,,,,,,,,
HW RN001,,,,,,,,,
L  CN100,,,,,,,,,
L  TA001,,,,,,,,,
LB CN001,,,,,,,,,
LB CN002,,,,,,,,,
LB CN003,,,,,,,,,
LB CN004,,,,,,,,,
LB CN005,,,,,,,,,
LB CN006,,,,,,,,,
LB CN007,,,,,,,,,
LB CN008,,,,,,,,,
LB CN009,,,,,,,,,
LB CN010,,,,,,,,,
LB CN011,,,,,,,,,
LB CN012,,,,,,,,,
LB CN013,,,,,,,,,
LB CN014,,,,,,,,,
LB CN015,,,,,,,,,
LB CN016,,,,,,,,,
LB CN017,,,,,,,,,
LB CN018,,,,,,,,,
LB CN019,,,,,,,,,
LB CN020,,,,,,,,,
LB CN021,,,,,,,,,
LB CN022,,,,,,,,,
LB CN023,,,,,,,,,
LB CN024,,,,,,,,,
LB CN025,,,,,,,,,
LB CN026,,,,,,,,,
LB CN027,,,,,,,,,
LB CN030,,,,,,,,,
LB CN031,,,,,,,,,
LB CN032,,,,,,,,,
LB CN033,,,,,,,,,
LB CN036,,,,,,,,,
LB CN037,,,,,,,,,
LB CN038,,,,,,,,,
LB CN0800,,,,,,,,,
LB CN0838,,,,,,,,,
LB CN1208,,,,,,,,,
LB CN1209,,,,,,,,,
LB CN1217,,,,,,,,,
LB CN1262,,,,,,,,,
LB CN1590,,,,,,,,,
LB CN555,,,,,,,,,
LB CN901,,,,,,,,,
LN CN001,,,,,,,,,
LN CN002,,,,,,,,,
LN CN003,,,,,,,,,
LN CN004,,,,,,,,,
LN CN0048,,,,,,,,,
LN CN005,,,,,,,,,
LN CN006,,,,,,,,,
LN CN007,,,,,,,,,
LN CN008,,,,,,,,,
LN CN009,,,,,,,,,
LN CN010,,,,,,,,,
LN CN011,,,,,,,,,
LN CN012,,,,,,,,,
LN CN013,,,,,,,,,
LN CN014,,,,,,,,,
LN CN015,,,,,,,,,
LN CN016,,,,,,,,,
LN CN0165,,,,,,,,,
LN CN017,,,,,,,,,
LN CN018,,,,,,,,,
LN CN0188,,,,,,,,,
LN CN019,,,,,,,,,
LN CN020,,,,,,,,,
LN CN021,,,,,,,,,
LN CN022,,,,,,,,,
LN CN023,,,,,,,,,
LN CN0282,,,,,,,,,
LN CN0361,,,,,,,,,
LN CN0381,,,,,,,,,
LN CN0391,,,,,,,,,
LN CN1063,,,,,,,,,
LN CN1486,,,,,,,,,
LN CN1577,,,,,,,,,
LN CN500,,,,,,,,,
LN CN501,,,,,,,,,
LN CN901,,,,,,,,,
LN CN902,,,,,,,,,
LN CN904,,,,,,,,,
LN CN905,,,,,,,,,
LN CN906,,,,,,,,,
LN CN907,,,,,,,,,
LN CN908,,,,,,,,,
LQ CN001,,,,,,,,,
LQ CN002,,,,,,,,,
LQ CN003,,,,,,,,,
LQ CN004,,,,,,,,,
LQ CN005,,,,,,,,,
LQ CN006,,,,,,,,,
LQ CN007,,,,,,,,,
LQ CN008,,,,,,,,,
LQ CN009,,,,,,,,,
LQ CN010,,,,,,,,,
LQ CN011,,,,,,,,,
LQ CN012,,,,,,,,,
LQ CN013,,,,,,,,,
LQ CN014,,,,,,,,,
LQ CN015,,,,,,,,,
LQ CN016,,,,,,,,,
LQ CN017,,,,,,,,,
LQ CN018,,,,,,,,,
LQ CN019,,,,,,,,,
LQ CN020,,,,,,,,,
LQ CN021,,,,,,,,,
LQ CN022,,,,,,,,,
LQ CN023,,,,,,,,,
LQ CN024,,,,,,,,,
LQ CN027,,,,,,,,,
LQ CN1578,,,,,,,,,
LQ CN205,,,,,,,,,
LQ CN399,,,,,,,,,
LQ CN902,,,,,,,,,
LQ CN903,,,,,,,,,
LQ CN906,,,,,,,,,
LQ CN907,,,,,,,,,
LQ CN909,,,,,,,,,
LQ TA001,,,,,,,,,
MT CN001,,,,,,,,,
MT CN002,,,,,,,,,
MT CN003,,,,,,,,,
P  CN001,,,,,,,,,
P  CN002,,,,,,,,,
P  CN003,,,,,,,,,
P  CN004,,,,,,,,,
P  CN005,,,,,,,,,
P  CN006,,,,,,,,,
P  CN007,,,,,,,,,
P  CN008,,,,,,,,,
P  CN009,,,,,,,,,
P  CN010,,,,,,,,,
P  CN011,,,,,,,,,
P  CN012,,,,,,,,,
P  CN013,,,,,,,,,
P  CN014,,,,,,,,,
P  CN015,,,,,,,,,
P  CN016,,,,,,,,,
P  CN017,,,,,,,,,
P  CN018,,,,,,,,,
P  CN019,,,,,,,,,
P  CN020,,,,,,,,,
P  CN021,,,,,,,,,
P  CN022,,,,,,,,,
P  CN023,,,,,,,,,
P  CN024,,,,,,,,,
P  CN025,,,,,,,,,
P  CN026,,,,,,,,,
P  CN027,,,,,,,,,
P  CN028,,,,,,,,,
P  CN029,,,,,,,,,
P  CN030,,,,,,,,,
P  CN031,,,,,,,,,
P  CN032,,,,,,,,,
P  CN033,,,,,,,,,
P  CN034,,,,,,,,,
P  CN035,,,,,,,,,
P  CN036,,,,,,,,,
P  CN037,,,,,,,,,
P  CN038,,,,,,,,,
P  CN039,,,,,,,,,
P  CN040,,,,,,,,,
P  CN041,,,,,,,,,
P  CN042,,,,,,,,,
P  CN043,,,,,,,,,
P  CN044,,,,,,,,,
P  CN045,,,,,,,,,
P  CN046,,,,,,,,,
P  CN047,,,,,,,,,
P  CN048,,,,,,,,,
P  CN049,,,,,,,,,
P  CN050,,,,,,,,,
P  CN051,,,,,,,,,
P  CN052,,,,,,,,,
P  CN053,,,,,,,,,
P  CN054,,,,,,,,,
P  CN055,,,,,,,,,
P  CN056,,,,,,,,,
P  CN057,,,,,,,,,
P  CN058,,,,,,,,,
P  CN059,,,,,,,,,
P  CN060,,,,,,,,,
P  CN061,,,,,,,,,
P  CN062,,,,,,,,,
P  CN063,,,,,,,,,
P  CN064,,,,,,,,,
P  CN065,,,,,,,,,
P  CN066,,,,,,,,,
P  CN067,,,,,,,,,
P  CN068,,,,,,,,,
P  CN069,,,,,,,,,
P  CN070,,,,,,,,,
P  CN071,,,,,,,,,
P  CN072,,,,,,,,,
P  CN073,,,,,,,,,
P  CN074,,,,,,,,,
P  CN075,,,,,,,,,
P  CN076,,,,,,,,,
P  CN077,,,,,,,,,
P  CN078,,,,,,,,,
P  CN079,,,,,,,,,
P  CN080,,,,,,,,,
P  CN081,,,,,,,,,
P  CN082,,,,,,,,,
P  CN083,,,,,,,,,
P  CN084,,,,,,,,,
P  CN085,,,,,,,,,
P  CN086,,,,,,,,,
P  CN087,,,,,,,,,
P  CN088,,,,,,,,,
P  CN089,,,,,,,,,
P  CN090,,,,,,,,,
P  CN091,,,,,,,,,
P  CN092,,,,,,,,,
P  CN093,,,,,,,,,
P  CN094,,,,,,,,,
P  CN095,,,,,,,,,
P  CN096,,,,,,,,,
P  CN097,,,,,,,,,
P  CN098,,,,,,,,,
P  CN099,,,,,,,,,
P  CN100,,,,,,,,,
P  CN101,,,,,,,,,
P  CN102,,,,,,,,,
P  CN103,,,,,,,,,
P  CN104,,,,,,,,,
P  CN105,,,,,,,,,
P  CN106,,,,,,,,,
P  CN107,,,,,,,,,
P  CN108,,,,,,,,,
P  CN109,,,,,,,,,
P  CN110,,,,,,,,,
P  CN111,,,,,,,,,
P  CN112,,,,,,,,,
P  CN113,,,,,,,,,
P  CN114,,,,,,,,,
P  CN115,,,,,,,,,
P  CN116,,,,,,,,,
P  CN117,,,,,,,,,
P  CN118,,,,,,,,,
P  CN119,,,,,,,,,
P  CN120,,,,,,,,,
P  CN121,,,,,,,,,
P  CN122,,,,,,,,,
P  CN123,,,,,,,,,
P  CN124,,,,,,,,,
P  CN125,,,,,,,,,
P  CN126,,,,,,,,,
P  CN127,,,,,,,,,
P  CN128,,,,,,,,,
P  CN129,,,,,,,,,
P  CN130,,,,,,,,,
P  CN131,,,,,,,,,
P  CN132,,,,,,,,,
P  CN133,,,,,,,,,
P  CN134,,,,,,,,,
P  CN135,,,,,,,,,
P  CN136,,,,,,,,,
P  CN137,,,,,,,,,
P  CN138,,,,,,,,,
P  CN139,,,,,,,,,
P  CN140,,,,,,,,,
P  CN141,,,,,,,,,
P  CN142,,,,,,,,,
P  CN143,,,,,,,,,
P  CN144,,,,,,,,,
P  CN145,,,,,,,,,
P  CN146,,,,,,,,,
P  CN147,,,,,,,,,
P  CN148,,,,,,,,,
P  CN149,,,,,,,,,
P  CN150,,,,,,,,,
P  CN151,,,,,,,,,
P  CN152,,,,,,,,,
P  CN153,,,,,,,,,
P  CN154,,,,,,,,,
P  CN155,,,,,,,,,
P  CN156,,,,,,,,,
P  CN157,,,,,,,,,
P  CN158,,,,,,,,,
P  CN159,,,,,,,,,
P  CN160,,,,,,,,,
P  CN161,,,,,,,,,
P  CN162,,,,,,,,,
P  CN163,,,,,,,,,
P  CN164,,,,,,,,,
P  CN165,,,,,,,,,
P  CN166,,,,,,,,,
P  CN167,,,,,,,,,
P  CN168,,,,,,,,,
P  CN170,,,,,,,,,
P  CN171,,,,,,,,,
P  CN172,,,,,,,,,
P  CN173,,,,,,,,,
P  CN174,,,,,,,,,
P  CN175,,,,,,,,,
P  CN176,,,,,,,,,
P  CN177,,,,,,,,,
P  CN178,,,,,,,,,
P  CN179,,,,,,,,,
P  CN180,,,,,,,,,
P  CN181,,,,,,,,,
P  CN182,,,,,,,,,
P  CN183,,,,,,,,,
P  CN184,,,,,,,,,
P  CN189,,,,,,,,,
P  CN190,,,,,,,,,
P  CN192,,,,,,,,,
P  CN193,,,,,,,,,
P  CN500,,,,,,,,,
P  CN589,,,,,,,,,
P  CN600,,,,,,,,,
P  CN654,,,,,,,,,
P  CN899,,,,,,,,,
P  CN900,,,,,,,,,
P  CN902,,,,,,,,,
P  CN905,,,,,,,,,
P  CN907,,,,,,,,,
P  CN908,,,,,,,,,
P  CN912,,,,,,,,,
P  CN913,,,,,,,,,
P  CN914,,,,,,,,,
P  CN915,,,,,,,,,
P  CN916,,,,,,,,,
P  CN919,,,,,,,,,
P  CN922,,,,,,,,,
P  CN924,,,,,,,,,
P  CN925,,,,,,,,,
P  CN926,,,,,,,,,
P  CN928,,,,,,,,,
P  CN929,,,,,,,,,
P  CN932,,,,,,,,,
P  CN933,,,,,,,,,
P  CN935,,,,,,,,,
P  CN936,,,,,,,,,
P  CN939,,,,,,,,,
P  CN941,,,,,,,,,
P  CN942,,,,,,,,,
P  CN943,,,,,,,,,
P  CN944,,,,,,,,,
P  CN947,,,,,,,,,
P  CN953,,,,,,,,,
P  CN956,,,,,,,,,
P  CN957,,,,,,,,,
P  CN959,,,,,,,,,
P  CN961,,,,,,,,,
P  CN963,,,,,,,,,
P  CN966,,,,,,,,,
P  CN967,,,,,,,,,
P  CN969,,,,,,,,,
P  CN970,,,,,,,,,
P  CN971,,,,,,,,,
P  CN972,,,,,,,,,
P  CN973,,,,,,,,,
P  CN975,,,,,,,,,
P  CN982,,,,,,,,,
P  CN983,,,,,,,,,
P  CN984,,,,,,,,,
P  CN985,,,,,,,,,
P  CN986,,,,,,,,,
P  CN988,,,,,,,,,
P  CN989,,,,,,,,,
P  CN990,,,,,,,,,
P  CN992,,,,,,,,,
P  CN999,,,,,,,,,
P  NC001,,,,,,,,,
P  NC002,,,,,,,,,
P  NC003,,,,,,,,,
P  NC005,,,,,,,,,
P  NC143,,,,,,,,,
P  NC160,,,,,,,,,
P  NC161,,,,,,,,,
P  NC162,,,,,,,,,
P  NC163,,,,,,,,,
P  NC166,,,,,,,,,
P  NC180,,,,,,,,,
P  NC900,,,,,,,,,
P  NC902,,,,,,,,,
P  RR001,,,,,,,,,
P  RR002,,,,,,,,,
P  RR003,,,,,,,,,
P  TA001,,,,,,,,,
P  TA002,,,,,,,,,
P  TA003,,,,,,,,,
P  TA004,,,,,,,,,
P  TA005,,,,,,,,,
P  TA006,,,,,,,,,
P  TANC1,,,,,,,,,
P CN0003,,,,,,,,,
P CN0004,,,,,,,,,
P CN0005,,,,,,,,,
P CN0006,,,,,,,,,
P CN0008,,,,,,,,,
P CN0009,,,,,,,,,
P CN0020,,,,,,,,,
P CN0049,,,,,,,,,
P CN0051,,,,,,,,,
P CN0052,,,,,,,,,
P CN0147,,,,,,,,,
P CN0148,,,,,,,,,
P CN0152,,,,,,,,,
P CN0153,,,,,,,,,
P CN0166,,,,,,,,,
P CN0167,,,,,,,,,
P CN0168,,,,,,,,,
P CN0191,,,,,,,,,
P CN0192,,,,,,,,,
P CN0283,,,,,,,,,
P CN0284,,,,,,,,,
P CN0393,,,,,,,,,
P CN0398,,,,,,,,,
P CN0420,,,,,,,,,
P CN0546,,,,,,,,,
P CN0585,,,,,,,,,
P CN0617,,,,,,,,,
P CN0621,,,,,,,,,
P CN0630,,,,,,,,,
P CN0645,,,,,,,,,
P CN0661,,,,,,,,,
P CN0662,,,,,,,,,
P CN0696,,,,,,,,,
P CN0700,,,,,,,,,
P CN0711,,,,,,,,,
P CN0712,,,,,,,,,
P CN0770,,,,,,,,,
P CN0771,,,,,,,,,
P CN0786,,,,,,,,,
P CN0787,,,,,,,,,
P CN0788,,,,,,,,,
P CN0794,,,,,,,,,
P CN0859,,,,,,,,,
P CN0887,,,,,,,,,
P CN0912,,,,,,,,,
P CN0919,,,,,,,,,
P CN0959,,,,,,,,,
P CN0960,,,,,,,,,
P CN1004,,,,,,,,,
P CN1019,,,,,,,,,
P CN1025,,,,,,,,,
P CN1034,,,,,,,,,
P CN1035,,,,,,,,,
P CN1039,,,,,,,,,
P CN1040,,,,,,,,,
P CN1041,,,,,,,,,
P CN1070,,,,,,,,,
P CN1071,,,,,,,,,
P CN1095,,,,,,,,,
P CN1114,,,,,,,,,
P CN1125,,,,,,,,,
P CN1134,,,,,,,,,
P CN1145,,,,,,,,,
P CN1150,,,,,,,,,
P CN1161,,,,,,,,,
P CN1170,,,,,,,,,
P CN1171,,,,,,,,,
P CN1172,,,,,,,,,
P CN1198,,,,,,,,,
P CN1274,,,,,,,,,
P CN1275,,,,,,,,,
P CN1276,,,,,,,,,
P CN1280,,,,,,,,,
P CN1281,,,,,,,,,
P CN1286,,,,,,,,,
P CN132,,,,,,,,,
P CN1326,,,,,,,,,
P CN1433,,,,,,,,,
P CN1483,,,,,,,,,
P CN1492,,,,,,,,,
P CN1541,,,,,,,,,
P CN1542,,,,,,,,,
P CN1560,,,,,,,,,
P CN1576,,,,,,,,,
P CN1579,,,,,,,,,
P CN1580,,,,,,,,,
P CN1585,,,,,,,,,
P CN1591,,,,,,,,,
P CN1592,,,,,,,,,
P CN1601,,,,,,,,,
P CN1605,,,,,,,,,
P CN1606,,,,,,,,,
P NC0316,,,,,,,,,
PO CN001,,,,,,,,,
PO CN002,,,,,,,,,
PO CN003,,,,,,,,,
PO CN004,,,,,,,,,
PO CN005,,,,,,,,,
PO CN006,,,,,,,,,
PO CN007,,,,,,,,,
PO CN008,,,,,,,,,
PO CN009,,,,,,,,,
PO CN010,,,,,,,,,
PO CN011,,,,,,,,,
PO CN0114,,,,,,,,,
PO CN012,,,,,,,,,
PO CN013,,,,,,,,,
PO CN014,,,,,,,,,
PO CN015,,,,,,,,,
PO CN0150,,,,,,,,,
PO CN016,,,,,,,,,
PO CN017,,,,,,,,,
PO CN018,,,,,,,,,
PO CN019,,,,,,,,,
PO CN020,,,,,,,,,
PO CN0201,,,,,,,,,
PO CN021,,,,,,,,,
PO CN022,,,,,,,,,
PO CN0227,,,,,,,,,
PO CN023,,,,,,,,,
PO CN024,,,,,,,,,
PO CN025,,,,,,,,,
PO CN0250,,,,,,,,,
PO CN026,,,,,,,,,
PO CN027,,,,,,,,,
PO CN028,,,,,,,,,
PO CN0338,,,,,,,,,
PO CN0352,,,,,,,,,
PO CN0396,,,,,,,,,
PO CN0473,,,,,,,,,
PO CN0503,,,,,,,,,
PO CN0535,,,,,,,,,
PO CN0616,,,,,,,,,
PO CN0860,,,,,,,,,
PO CN0861,,,,,,,,,
PO CN0966,,,,,,,,,
PO CN1487,,,,,,,,,
PO CN1551,,,,,,,,,
PO CN1583,,,,,,,,,
PO CN1600,,,,,,,,,
PO RN001,,,,,,,,,
PO RN002,,,,,,,,,
PO RN003,,,,,,,,,
PO RN004,,,,,,,,,
PO RR001,,,,,,,,,
PO TA001,,,,,,,,,
PU CN001,,,,,,,,,
PU CN002,,,,,,,,,
PU CN003,,,,,,,,,
PU CN004,,,,,,,,,
PU NC001,,,,,,,,,
PV CN001,,,,,,,,,
PV CN002,,,,,,,,,
PV CN003,,,,,,,,,
PV CN004,,,,,,,,,
PV CN005,,,,,,,,,
PV CN015,,,,,,,,,
PV CN0469,,,,,,,,,
PV NC001,,,,,,,,,
PV NC0010,,,,,,,,,
PV NC0014,,,,,,,,,
PV NC0018,,,,,,,,,
PV NC0019,,,,,,,,,
PV NC002,,,,,,,,,
PV NC003,,,,,,,,,
PV NC004,,,,,,,,,
PV NC0042,,,,,,,,,
PV NC0043,,,,,,,,,
PV NC0044,,,,,,,,,
PV NC005,,,,,,,,,
PV NC006,,,,,,,,,
PV NC007,,,,,,,,,
PV NC0073,,,,,,,,,
PV NC0074,,,,,,,,,
PV NC0079,,,,,,,,,
PV NC008,,,,,,,,,
PV NC0080,,,,,,,,,
PV NC0081,,,,,,,,,
PV NC0084,,,,,,,,,
PV NC0086,,,,,,,,,
PV NC009,,,,,,,,,
PV NC010,,,,,,,,,
PV NC011,,,,,,,,,
PV NC0115,,,,,,,,,
PV NC0116,,,,,,,,,
PV NC0117,,,,,,,,,
PV NC012,,,,,,,,,
PV NC013,,,,,,,,,
PV NC014,,,,,,,,,
PV NC015,,,,,,,,,
PV NC0151,,,,,,,,,
PV NC016,,,,,,,,,
PV NC017,,,,,,,,,
PV NC0172,,,,,,,,,
PV NC0173,,,,,,,,,
PV NC0174,,,,,,,,,
PV NC0175,,,,,,,,,
PV NC0176,,,,,,,,,
PV NC0178,,,,,,,,,
PV NC018,,,,,,,,,
PV NC0180,,,,,,,,,
PV NC0182,,,,,,,,,
PV NC0183,,,,,,,,,
PV NC0186,,,,,,,,,
PV NC019,,,,,,,,,
PV NC020,,,,,,,,,
PV NC0203,,,,,,,,,
PV NC021,,,,,,,,,
PV NC022,,,,,,,,,
PV NC023,,,,,,,,,
PV NC024,,,,,,,,,
PV NC025,,,,,,,,,
PV NC0255,,,,,,,,,
PV NC0258,,,,,,,,,
PV NC0259,,,,,,,,,
PV NC026,,,,,,,,,
PV NC027,,,,,,,,,
PV NC028,,,,,,,,,
PV NC029,,,,,,,,,
PV NC030,,,,,,,,,
PV NC031,,,,,,,,,
PV NC0315,,,,,,,,,
PV NC0317,,,,,,,,,
PV NC032,,,,,,,,,
PV NC033,,,,,,,,,
PV NC034,,,,,,,,,
PV NC035,,,,,,,,,
PV NC036,,,,,,,,,
PV NC037,,,,,,,,,
PV NC038,,,,,,,,,
PV NC039,,,,,,,,,
PV NC040,,,,,,,,,
PV NC041,,,,,,,,,
PV NC042,,,,,,,,,
PV NC043,,,,,,,,,
PV NC044,,,,,,,,,
PV NC045,,,,,,,,,
PV NC046,,,,,,,,,
PV NC047,,,,,,,,,
PV NC048,,,,,,,,,
PV NC049,,,,,,,,,
PV NC050,,,,,,,,,
PV NC051,,,,,,,,,
PV NC0517,,,,,,,,,
PV NC052,,,,,,,,,
PV NC053,,,,,,,,,
PV NC054,,,,,,,,,
PV NC055,,,,,,,,,
PV NC056,,,,,,,,,
PV NC057,,,,,,,,,
PV NC058,,,,,,,,,
PV NC059,,,,,,,,,
PV NC060,,,,,,,,,
PV NC061,,,,,,,,,
PV NC062,,,,,,,,,
PV NC0622,,,,,,,,,
PV NC0623,,,,,,,,,
PV NC063,,,,,,,,,
PV NC064,,,,,,,,,
PV NC065,,,,,,,,,
PV NC066,,,,,,,,,
PV NC067,,,,,,,,,
PV NC068,,,,,,,,,
PV NC069,,,,,,,,,
PV NC0691,,,,,,,,,
PV NC070,,,,,,,,,
PV NC0707,,,,,,,,,
PV NC071,,,,,,,,,
PV NC0710,,,,,,,,,
PV NC0714,,,,,,,,,
PV NC0715,,,,,,,,,
PV NC0716,,,,,,,,,
PV NC0717,,,,,,,,,
PV NC072,,,,,,,,,
PV NC073,,,,,,,,,
PV NC074,,,,,,,,,
PV NC075,,,,,,,,,
PV NC0757,,,,,,,,,
PV NC076,,,,,,,,,
PV NC077,,,,,,,,,
PV NC0775,,,,,,,,,
PV NC0776,,,,,,,,,
PV NC0777,,,,,,,,,
PV NC078,,,,,,,,,
PV NC079,,,,,,,,,
PV NC0796,,,,,,,,,
PV NC080,,,,,,,,,
PV NC081,,,,,,,,,
PV NC082,,,,,,,,,
PV NC083,,,,,,,,,
PV NC084,,,,,,,,,
PV NC085,,,,,,,,,
PV NC086,,,,,,,,,
PV NC087,,,,,,,,,
PV NC088,,,,,,,,,
PV NC089,,,,,,,,,
PV NC090,,,,,,,,,
PV NC091,,,,,,,,,
PV NC092,,,,,,,,,
PV NC093,,,,,,,,,
PV NC0936,,,,,,,,,
PV NC094,,,,,,,,,
PV NC095,,,,,,,,,
PV NC096,,,,,,,,,
PV NC0965,,,,,,,,,
PV NC097,,,,,,,,,
PV NC0975,,,,,,,,,
PV NC0976,,,,,,,,,
PV NC0977,,,,,,,,,
PV NC098,,,,,,,,,
PV NC0983,,,,,,,,,
PV NC0985,,,,,,,,,
PV NC0987,,,,,,,,,
PV NC0988,,,,,,,,,
PV NC099,,,,,,,,,
PV NC0991,,,,,,,,,
PV NC0992,,,,,,,,,
PV NC0994,,,,,,,,,
PV NC0999,,,,,,,,,
PV NC100,,,,,,,,,
PV NC1006,,,,,,,,,
PV NC101,,,,,,,,,
PV NC1011,,,,,,,,,
PV NC1013,,,,,,,,,
PV NC1017,,,,,,,,,
PV NC102,,,,,,,,,
PV NC1029,,,,,,,,,
PV NC103,,,,,,,,,
PV NC1031,,,,,,,,,
PV NC104,,,,,,,,,
PV NC105,,,,,,,,,
PV NC106,,,,,,,,,
PV NC107,,,,,,,,,
PV NC108,,,,,,,,,
PV NC109,,,,,,,,,
PV NC1096,,,,,,,,,
PV NC110,,,,,,,,,
PV NC111,,,,,,,,,
PV NC1110,,,,,,,,,
PV NC113,,,,,,,,,
PV NC1130,,,,,,,,,
PV NC114,,,,,,,,,
PV NC115,,,,,,,,,
PV NC116,,,,,,,,,
PV NC117,,,,,,,,,
PV NC118,,,,,,,,,
PV NC119,,,,,,,,,
PV NC1201,,,,,,,,,
PV NC121,,,,,,,,,
PV NC122,,,,,,,,,
PV NC123,,,,,,,,,
PV NC124,,,,,,,,,
PV NC126,,,,,,,,,
PV NC127,,,,,,,,,
PV NC1289,,,,,,,,,
PV NC129,,,,,,,,,
PV NC1292,,,,,,,,,
PV NC130,,,,,,,,,
PV NC1305,,,,,,,,,
PV NC131,,,,,,,,,
PV NC1361,,,,,,,,,
PV NC1362,,,,,,,,,
PV NC1374,,,,,,,,,
PV NC1384,,,,,,,,,
PV NC1415,,,,,,,,,
PV NC1484,,,,,,,,,
PV NC339,,,,,,,,,
PV NC777,,,,,,,,,
PV NC778,,,,,,,,,
PV NC901,,,,,,,,,
PV NC902,,,,,,,,,
PV NC903,,,,,,,,,
PV NC904,,,,,,,,,
PV NC905,,,,,,,,,
PV NC906,,,,,,,,,
PV NC907,,,,,,,,,
PV NC908,,,,,,,,,
PV NC909,,,,,,,,,
PV NC910,,,,,,,,,
PV NC912,,,,,,,,,
PV NC913,,,,,,,,,
PV NC914,,,,,,,,,
PV NC917,,,,,,,,,
PV NC918,,,,,,,,,
PV NC919,,,,,,,,,
PV NC920,,,,,,,,,
PV NC921,,,,,,,,,
PV NC922,,,,,,,,,
PV NC924,,,,,,,,,
PV NC926,,,,,,,,,
PV NC927,,,,,,,,,
PV NC928,,,,,,,,,
PV NC929,,,,,,,,,
PV NC932,,,,,,,,,
PV NC935,,,,,,,,,
PV NC936,,,,,,,,,
PV NC938,,,,,,,,,
PV NC939,,,,,,,,,
PV NC942,,,,,,,,,
PV NC943,,,,,,,,,
PV NC944,,,,,,,,,
PV NC945,,,,,,,,,
PV NC946,,,,,,,,,
PV NC948,,,,,,,,,
PV NC949,,,,,,,,,
PV NC950,,,,,,,,,
PV NC951,,,,,,,,,
PV NC952,,,,,,,,,
PV NC953,,,,,,,,,
PV NC954,,,,,,,,,
PV NC955,,,,,,,,,
PV NC956,,,,,,,,,
PV NC957,,,,,,,,,
PV NC958,,,,,,,,,
PV NC961,,,,,,,,,
PV NC962,,,,,,,,,
PV NC964,,,,,,,,,
PV NC965,,,,,,,,,
PV NC967,,,,,,,,,
PV TA001,,,,,,,,,
PW CN001,,,,,,,,,
PW CN002,,,,,,,,,
PW CN003,,,,,,,,,
PW CN004,,,,,,,,,
PW CN005,,,,,,,,,
PW CN006,,,,,,,,,
PW CN007,,,,,,,,,
PW CN008,,,,,,,,,
PW CN009,,,,,,,,,
PW CN010,,,,,,,,,
PW CN013,,,,,,,,,
PW CN014,,,,,,,,,
PW CN015,,,,,,,,,
PW CN016,,,,,,,,,
PW CN017,,,,,,,,,
PW CN020,,,,,,,,,
PW CN025,,,,,,,,,
PW CN027,,,,,,,,,
PW CN028,,,,,,,,,
PW CN033,,,,,,,,,
PW CN034,,,,,,,,,
PW CN035,,,,,,,,,
PW CN037,,,,,,,,,
PW CN040,,,,,,,,,
PW CN043,,,,,,,,,
PW CN044,,,,,,,,,
PW CN045,,,,,,,,,
PW CN046,,,,,,,,,
PW CN047,,,,,,,,,
PW CN048,,,,,,,,,
PW CN049,,,,,,,,,
PW CN050,,,,,,,,,
PW CN052,,,,,,,,,
PW CN054,,,,,,,,,
PW CN055,,,,,,,,,
PW CN057,,,,,,,,,
PW CN058,,,,,,,,,
PW CN063,,,,,,,,,
PW CN067,,,,,,,,,
PW CN068,,,,,,,,,
PW CN070,,,,,,,,,
PW CN072,,,,,,,,,
PW CN073,,,,,,,,,
PW CN074,,,,,,,,,
PW CN077,,,,,,,,,
PW CN1072,,,,,,,,,
PW CN1554,,,,,,,,,
PW CN1555,,,,,,,,,
PW CN901,,,,,,,,,
PW CN991,,,,,,,,,
PW NC001,,,,,,,,,
PW NC0013,,,,,,,,,
PW NC0017,,,,,,,,,
PW NC002,,,,,,,,,
PW NC003,,,,,,,,,
PW NC004,,,,,,,,,
PW NC0047,,,,,,,,,
PW NC005,,,,,,,,,
PW NC006,,,,,,,,,
PW NC007,,,,,,,,,
PW NC0075,,,,,,,,,
PW NC008,,,,,,,,,
PW NC0082,,,,,,,,,
PW NC0085,,,,,,,,,
PW NC0087,,,,,,,,,
PW NC009,,,,,,,,,
PW NC010,,,,,,,,,
PW NC011,,,,,,,,,
PW NC012,,,,,,,,,
PW NC013,,,,,,,,,
PW NC014,,,,,,,,,
PW NC015,,,,,,,,,
PW NC016,,,,,,,,,
PW NC017,,,,,,,,,
PW NC018,,,,,,,,,
PW NC019,,,,,,,,,
PW NC020,,,,,,,,,
PW NC021,,,,,,,,,
PW NC022,,,,,,,,,
PW NC023,,,,,,,,,
PW NC024,,,,,,,,,
PW NC025,,,,,,,,,
PW NC026,,,,,,,,,
PW NC0263,,,,,,,,,
PW NC027,,,,,,,,,
PW NC028,,,,,,,,,
PW NC0289,,,,,,,,,
PW NC029,,,,,,,,,
PW NC030,,,,,,,,,
PW NC031,,,,,,,,,
PW NC032,,,,,,,,,
PW NC033,,,,,,,,,
PW NC034,,,,,,,,,
PW NC035,,,,,,,,,
PW NC036,,,,,,,,,
PW NC037,,,,,,,,,
PW NC038,,,,,,,,,
PW NC040,,,,,,,,,
PW NC041,,,,,,,,,
PW NC042,,,,,,,,,
PW NC043,,,,,,,,,
PW NC044,,,,,,,,,
PW NC045,,,,,,,,,
PW NC046,,,,,,,,,
PW NC047,,,,,,,,,
PW NC0491,,,,,,,,,
PW NC051,,,,,,,,,
PW NC052,,,,,,,,,
PW NC053,,,,,,,,,
PW NC054,,,,,,,,,
PW NC055,,,,,,,,,
PW NC056,,,,,,,,,
PW NC057,,,,,,,,,
PW NC058,,,,,,,,,
PW NC060,,,,,,,,,
PW NC061,,,,,,,,,
PW NC062,,,,,,,,,
PW NC063,,,,,,,,,
PW NC064,,,,,,,,,
PW NC0643,,,,,,,,,
PW NC065,,,,,,,,,
PW NC067,,,,,,,,,
PW NC068,,,,,,,,,
PW NC069,,,,,,,,,
PW NC070,,,,,,,,,
PW NC072,,,,,,,,,
PW NC074,,,,,,,,,
PW NC075,,,,,,,,,
PW NC0755,,,,,,,,,
PW NC076,,,,,,,,,
PW NC078,,,,,,,,,
PW NC079,,,,,,,,,
PW NC081,,,,,,,,,
PW NC083,,,,,,,,,
PW NC084,,,,,,,,,
PW NC085,,,,,,,,,
PW NC0851,,,,,,,,,
PW NC0853,,,,,,,,,
PW NC087,,,,,,,,,
PW NC088,,,,,,,,,
PW NC089,,,,,,,,,
PW NC092,,,,,,,,,
PW NC095,,,,,,,,,
PW NC096,,,,,,,,,
PW NC097,,,,,,,,,
PW NC098,,,,,,,,,
PW NC100,,,,,,,,,
PW NC103,,,,,,,,,
PW NC1038,,,,,,,,,
PW NC104,,,,,,,,,
PW NC105,,,,,,,,,
PW NC106,,,,,,,,,
PW NC1078,,,,,,,,,
PW NC1092,,,,,,,,,
PW NC1097,,,,,,,,,
PW NC110,,,,,,,,,
PW NC111,,,,,,,,,
PW NC1202,,,,,,,,,
PW NC1212,,,,,,,,,
PW NC1213,,,,,,,,,
PW NC1216,,,,,,,,,
PW NC1389,,,,,,,,,
PW NC1395,,,,,,,,,
PW NC1413,,,,,,,,,
PW NC1493,,,,,,,,,
PW NC1548,,,,,,,,,
PW NC589,,,,,,,,,
PW NC590,,,,,,,,,
PW NC652,,,,,,,,,
PW NC675,,,,,,,,,
PW NC888,,,,,,,,,
PW NC903,,,,,,,,,
PW NC906,,,,,,,,,
PW NC907,,,,,,,,,
PW NC910,,,,,,,,,
PW NC911,,,,,,,,,
PW NC913,,,,,,,,,
PW NC914,,,,,,,,,
PW NC917,,,,,,,,,
PW NC919,,,,,,,,,
PW NC923,,,,,,,,,
PW NC924,,,,,,,,,
PW NC925,,,,,,,,,
PW NC926,,,,,,,,,
PW NC927,,,,,,,,,
PW NC928,,,,,,,,,
PW RR001,,,,,,,,,
PW TA001,,,,,,,,,
PW TANC1,,,,,,,,,
PW TANC2,,,,,,,,,
PW TANC3,,,,,,,,,
RE NC001,,,,,,,,,
S  CN001,,,,,,,,,
S  CN002,,,,,,,,,
S  CN003,,,,,,,,,
T  CN001,,,,,,,,,
T  CN002,,,,,,,,,
T  CN003,,,,,,,,,
T  CN004,,,,,,,,,
T  CN005,,,,,,,,,
TF  CN90,,,,,,,,,
TF CN001,,,,,,,,,
TF CN002,,,,,,,,,
TF CN003,,,,,,,,,
TF CN004,,,,,,,,,
TF CN0055,,,,,,,,,
TF CN010,,,,,,,,,
TF TA777,,,,,,,,,
WM CN001,,,,,,,,,
WP CN001,,,,,,,,,
WP CN002,,,,,,,,,
